annu_audios,annu_sign_text
Christine_St,Christine St.
Pampas_Ave,Pampas Ave.
Pinedale_Ct,Pinedale Ct.
C_St,C St.
E_12th_St_Pl,East 12th St. Pl.
Castro_Ranch_Rd,Castro Ranch Road
Eleventh_St,11th St.
Tehama_Ave,Tehama Ave.
Vannoy_Ave,Vannoy Ave.
W_Jackson_St,West Jackson St.
Harbour_Way_S,Harbour Way South
W_Tower_Ave,West Tower Ave.
28th_St,28th St.
Ruus_Rd,Ruus Road
Cabernet_Ave,Cabernet Ave.
No_24607,24607
Derby_Ave,Derby Ave.
Vernon_St,Vernon St.
Portland_Ave,Portland Ave.
Alva_Ave,Alva Ave.
Garden_St,Garden St.
Whitmore_St,Whitmore St.
Morton_St,Morton St.
Whitehead_Ln,Whitehead Lane
Cascade_St,Cascade St.
Washington_Blvd,Washington Blvd.
Columbian_Dr,Columbian Dr.
Carlson_Blvd,Carlson Blvd.
17th_St,17th St.
Sleepy_Hollow_Ave,Sleepy Hollow Ave.
Elmhurst_St,Elmhurst St.
Claremont_Ave,Claremont Ave.
Mendocino_Ave,Mendocino Ave.
Rifle_Range_Rd,Rifle Range Road
Bandoni_Ave,Bandoni Ave.
Del_Mar_Ave,Del Mar Ave.
Acacia_Ave,Acacia Ave.
Oak_Grove_Ave,Oak Grove Ave.
No_947,947
Tyler_St,Tyler St.
Blanche_St,Blanche St.
Florida_Ave,Florida Ave.
No_48641,48641
Sandoval_Way,Sandoval Way
Victory_Dr,Victory Dr.
Stanford_Oval,Stanford Oval
Fruitwood_Way,Fruitwood Way
LANEY_COLLEGE,Laney College
Dixon_Landing_Rd,Dixon Landing Road
Laurel_St,Laurel St.
Blackstone_Way,Blackstone Way
Appian_Way,Appian Way
Beaumont_Ave,Beaumont Ave.
Pebble_Dr,Pebble Dr.
Chaucer_Dr,Chaucer Dr.
Union_Square,Union Square
Sonia_St,Sonia St.
Christopher_Ct,Christopher Ct.
Almond_Rd,Almond Road
Field_St,Field St.
Vicente_Rd,Vicente Road
Avenal_Ave,Avenal Ave.
Gough_St,Gough St.
Graham_Ave,Graham Ave.
Sharon_Rd,Sharon Road
Bowling Green Common,Bowling Green Common
Richmond_Pkwy,Richmond Parkway
Mc_Gee_Ave,McGee Ave.
Eden_Medical_Center,Eden Medical Center
Marlow_Dr,Marlow Dr.
Eton_Ct,Eton Ct.
Pardee_Ln,Pardee Lane
E_15th_St,East 15th St.
No_22218,22218
W_Estudillo_Ave,West Estudillo Ave.
No_8335,8335
Beacon_Ave,Beacon Ave.
north intersection,north intersection
Pleasant_Valley_Ct,Pleasant Valley Ct.
95th_Avenue,95th Avenue
Corsair_Blvd,Corsair Blvd.
BRAUN_ST,Braun St.
NORTH_ABEL_STREET,North Abel St.
EL_PORTAL_APARTMENTS,El Portal Apartments
Homewood_Dr,Homewood Dr.
Alquire_Pkwy,Alquire Parkway
Steele_St,Steele St.
Brandy_Rock_Way,Brandy Rock Way
Blanding_Ave,Blanding Ave.
Dondero_Way,Dondero Way
Keeler_Ave,Keeler Ave.
Broadmoor_Blvd,Broadmoor Blvd.
Arlington_Blvd,Arlington Blvd.
Holly_St,Holly St.
Ivy_Dr,Ivy Dr.
Mateo_St,Mateo St.
Red_Oak_Ave,Red Oak Ave.
Highland_Blvd,Highland Blvd.
1st_St,1st St.
Mission_St,Mission St.
Roberts_Park,Roberts Park
Fallon_St,Fallon St.
Glendale_Ave,Glendale Ave.
82nd_Ave,82nd Avenue
Yolo_Ave,Yolo Ave.
Oak_Creek_Rd,Oak Creek Road
Valdez_St,Valdez St.
Purisima_St,Purisima St.
Portola_Ave,Portola Ave.
Hensley_St,Hensley St.
Middle_Ln,Middle Lane
Parsons_Ave,Parsons Ave.
Celia_St,Celia St.
Union_Landing_Blvd,Union Landing Blvd.
BAYVIEW_DR,Bayview Dr.
MILPITAS_BART,Milpitas BART
Downtown_Berkeley_BART,Downtown Berkeley BART
Via_Redondo,Via Redondo
WARM_SPRINGS_BART,Warm Springs BART
Sabre_St,Sabre St.
Mound_St,Mound St.
Carleton_St,Carleton St.
Curtis_St,Curtis St.
Richmond_St,Richmond St.
No_860,860
Sherwood_Forest_Baptist_Church,Sherwood Forest Baptist Church
Union_City_Blvd,Union City Blvd.
Paseo_Grande,Paseo Grande
Saklan_Rd,Saklan Road
2nd_Ave,2nd Ave.
Brookwood_Rd,Brookwood Road
Collier Dr,Collier Dr.
Westline_Dr,Westline Dr.
Videll_St,Videll St.
Ohlone_Ave,Ohlone Ave.
Tennis_Court,Tennis Court
3rd_St,3rd St.
Corporate_Ave,Corporate Ave.
Abella_Circle,Abella Cir.
Barrett_Ave,Barrett Ave.
E_17th_St,East 17th St.
Rocklin_Dr,Rocklin Dr.
Tuller_Ave,Tuller Ave.
Civic_Center_Plaza,Civic Center Plaza
Paseo_Largavista,Paseo Largavista
Libby_Ct,Libby Ct.
Clover_St,Clover St.
Benedict_Dr,Benedict Dr.
Transbay_Temp_Terminal,Transbay Temp Terminal
southeast_intersection,southeast intersection
88th_Ave,88th Ave.
Northpointe_Ct,Northpointe Ct.
Juvenile_Justice_Center,Juvenile Justice Center
Aqua_Vista_Rd,Aqua Vista Road
Carquinez_Ave,Carquinez Ave.
Coach_Dr,Coach Dr.
Joaquin_Miller_Rd,Joaquin Miller Road
E.C._Reems_Ct,E. C. Reems Ct.
Albrae_Ave,Albrae Ave.
Ascension Greek Orthodox Cathedral,Ascension Greek Orthodox Cathedral
Laurel_Ave,Laurel Ave.
Chabot_Rd,Chabot Road
Via_Catherine,Via Catherine
Ashbury_Ave,Ashbury Ave.
Ames_Ave,Ames Ave.
Graham_Pl,Graham Pl.
Pomona_Ave,Pomona Ave.
Amy_Dr,Amy Dr.
Shoreline_Dr,Shoreline Dr.
Dean_St,Dean St.
Stone_St,Stone St.
Tiffin_Rd,Tiffin Road
Burke_Dr,Burke Dr.
Ardenwood_P_&_R_Lot,Ardenwood Park and Ride
Wildwood_Ln,Wildwood Lane
Ardenwood_Ter,Ardenwood Terr.
S_41st_St,South 41st St.
Miramonte_Ave,Miramonte Ave.
Emery_St,Emery St.
Central_Blvd,Central Blvd.
Porter_St,Porter St.
Alta_Vista_Dr,Alta Vista Dr.
Pierson_St.,Pierson St.
Harris_Rd,Harris Road
Dewey_St,Dewey St.
Chabot_College,Chabot College
Center_Park_Ln,Center Park Lane
Woodview_Dr,Woodview Dr.
TONE_5,Virtual Stop for Frgr
Glenn_Ellen_Dr,Glenn Ellen Dr.
Williams_Dr,Williams Dr.
14th_St,14th St.
No_24660,24660
9th_St,9th St.
Overdale_Ave,Overdale Ave.
Jackson_St,Jackson St.
Davenport_Ave,Davenport Ave.
Walnut_Circle,Walnut Circle
Devon_Way,Devon Way
Tyrrell_Ave,Tyrrell Ave.
85th_Ave,85th Ave.
E_Warren_Ave,East Warren Ave.
Mount_Palomar_Ct,Mount Palomar Ct.
West_Atlantic_Ave,West Atlantic Ave.
Rancho_Arroyo_Pkwy,Rancho Arroyo Parkway
47th_Ave,47th Ave.
Hacienda_Ave,Hacienda Ave.
Ozark_River_Way,Ozark River Way
Phelps_St,Phelps St.
Manon_Ave,Manon Ave.
Wendy_Ln,Wendy Lane
Stockton_Ave,Stockton Ave.
Fontaine Overpass,Fontaine Overpass
Hamilton_Pl,Hamilton Pl.
Catalina_St,Catalina St.
Garden_Ave,Garden Ave.
98th_Ave,98th Avenue
Perkinsway_Path,Perkinsway Path
Don_Way,Don Way
Hamilton_St,Hamilton St.
NEWARK_MEMORIAL_HIGH_SCHOOL,Newark Memorial High School
Ventura_Ave,Ventura Ave.
Favor_St,Favor St.
Rick_Way,Rick Way
Madeline_St,Madeline St.
Kearney_St,Kearney St.
S_38th_St,South 38th St.
Morton_Ave,Morton Ave.
Valley_View_Rd,Valley View Road
Best_Ave,Best Ave.
Forest_Ave,Forest Ave.
Acacia_St,Acacia St.
Franklin_St,Franklin St.
Harry_Ells_Pl,Harry Ells Pl.
51st_St,51st St.
Suter_St,Suter St.
Parkway_Dr,Parkway Dr.
Sonoma_Way,Sonoma Way
Hayward_High_School,Hayward High School
Skywest_Dr,Skywest Dr.
Yeandle_Ave,Yeandle Ave.
Lenross_Ct,Lenross Ct.
29th_Ave,29th Ave.
Eldridge_Ave,Eldridge Ave.
Otis_Dr,Otis Dr.
Kingsland_Ave,Kingsland Ave.
E_23rd_St,East 23rd St.
Miller_Ave,Miller Ave.
Rosemount_Rd,Rosemount Road
Marciel_Ct,Marciel Ct.
No_48501,48501
Ohio_Ave,Ohio Ave.
Maine_Ave,Maine Ave.
Muir_Way,Muir Way
Anza_St,Anza St.
Wesley_Ave,Wesley Ave.
Sheridan_Rd,Sheridan Road
Daisy_St,Daisy St.
Curtis_Ave,Curtis Ave.
Ashmount_Ave,Ashmount Ave.
Sage_Rd,Sage Road
56th_Ave,56th Ave.
S_Garrard_Blvd,South Garrard Blvd.
northwest_intersection,northwest intersection
Sunnyhills_Ct,Sunnyhills Ct.
Thackeray_Ave,Thackeray Ave.
Bethany_St,Bethany St.
Haste_St,Haste St.
El_Dorado_St,El Dorado St.
Moss_Ave,Moss Ave.
Albrae_St,Albrae St.
Dexter_Ct,Dexter Ct.
American_Ave,American Ave.
Durillo_Dr,Durillo Dr.
E_St,E St.
AC Transit Hayward Division,AC Transit Hayward Division
Centerville_Jr_High_School,Centerville Junior High School
Maiden_Ln,Maiden Lane
Allview_Ave,Allview Ave.
Lawrence Space Sciences Laboratory,Lawrence Space Sciences Laboratory
Embers Way,Embers Way
Pleasant_St,Pleasant St.
6th_St,6th St.
Coral_Rd,Coral Sea St.
Amapola_Dr,Amapola Dr.
Gading_Rd,Gading Road
102nd_Ave,102nd Ave.
Fernwood_Ct,Fernwood Ct.
Swainland_Rd,Swainland Road
Tampa_Ave,Tampa Ave.
Crest_Ave,Crest Ave.
The_Uplands,The Uplands
U.S. Department of Agriculture,U.S. Department of Agriculture
Omar_St,Omar St.
50th_Ave,50th Ave.
Albina_Ave,Albina Ave.
Hopkins_Jr_High_School,Hopkins Junior High School
Town_Center_Dr,Town Center Dr.
Carmel_St,Carmel St.
25th_St,25th St.
Eureka_Ave,Eureka Ave.
Green_Acre_Rd,Green Acre Road
Pennsylvania_Ave,Pennsylvania Ave.
Stanley_Ave,Stanley Ave.
Indian_Hill_Pl,Indian Hill Pl.
Thiel_Rd,Thiel Road
62nd_Ave,62nd Ave.
Mariner_Sq_Loop,Mariner Sq Loop
Dennis_Ave,Dennis Ave.
Seawall_Dr,Seawall Dr.
Poplar_St,Poplar St.
Wicks_Blvd,Wicks Blvd.
Vegas_Ave,Vegas Ave.
Renfrew_Rd,Renfrew Road
Butters_Dr,Butters Dr.
No_1411,1411
Mountain_Ave,Mountain Ave.
No_26460,26460
Panitz_Way,Panitz Way
E_28th_St,East 28th St.
Glenlock_St,Glenlock St.
Modesto St,Modesto St.
Rosalind_Ave,Rosalind Ave.
Hanover_Ave,Hanover Ave.
E_16th_St,East 16th St.
Sequoyah_Rd,Sequoyah Road
San_Leandro_High_School,San Leandro High School
Via_Olinda,Via Olinda
Olympic_Ave,Olympic Ave.
Elm_St,Elm St.
Cree_Rd,Cree Road
Niles_Canyon_Rd,Niles Canyon Road
Sylvester_Dr,Sylvester Dr.
Woolsey_St,Woolsey St.
High_St,High St.
Jones_Ave,Jones Ave.
Newark_Jr_High_School,Newark Jr. High School
San_Pablo_Community_Center,San Pablo Community Center
32nd_St,32nd St.
Pepsi_Factory,South Pepsi Dr.
No_4231,4231
Ascot_Dr,Ascot Dr.
Irma_Ave,Irma Ave.
Fenham_St,Fenham St.
Proctor_Ave,Proctor Ave.
Washington_Ave,Washington Ave.
No_615,615
Curran_Ave,Curran Ave.
Breakwater_Ave,Breakwater Ave.
Carlwyn_Dr,Carlwyn Dr.
Olinda_Rd,Olinda Road
Glencourt_Dr,Glencourt Dr.
Hilgard_Ave,Hilgard Ave.
Mulford_Point_Dr,Mulford Point Dr.
Castello_St,Castello St.
San_Carlos_Ave,San Carlos Ave.
CHARLES_HOWARD_SCHOOL,Charles Howard School
Glen_Mawr_St,Glen Mawr St.
College_Ave,College Ave.
Coliseum_Way,Coliseum Way
Sitka_St,Sitka St.
Hawley_St,Hawley St.
Greenridge_Dr,Greenridge Dr.
Montrose_Rd,Montrose Road
Turquoise_St,Turquoise St.
Sybil_Ave,Sybil Ave.
Fontaine_St,Fontaine St.
Regal_Rd,Regal Road
Bruno_Rd,Bruno Road
Southland_Dr,Southland Dr.
School_St,School St.
Panama_St,Panama St.
Redwood_Rd,Jamison Way
Gomer_St,Gomer St.
Preda_St,Preda St.
Emeric_Ave,Emeric Ave.
Village_Ter,Village Terr.
Regal_Ave,Regal Ave.
Maxwelton_Rd,Maxwelton Road
No_1152,1152
Moeser_Ln,Moeser Lane
Zephyr_Ave,Zephyr Ave.
Diller_St,Diller St.
Buckboard_Way,Buckboard Way
No_3588,3588
Seaview_Pl,Seaview Pl.
Willow_Rd,Willow Road
W_Juana_Ave,West Juana Ave.
Via_Segundo,Via Segundo
Andrade_Ave,Andrade Ave.
Acalanes_Dr,Acalanes Dr.
Piedmont_Ave,Piedmont Ave.
Oakdale_Ave,Oakdale Ave.
Sullivan_Ave,Sullivan Ave.
E_Lewelling_Blvd,East Lewelling Blvd.
Catalina Ave.,Catalina Ave.
HIGHWAY_84,Highway 84
S_47th_St,South 47th St.
CESAR_E_CHAVEZ_MIDDLE_SCHOOL,Cesar Chavez Middle School
Thornhill_Dr,Thornhill Dr.
Sequoyah_Community_Church,Sequoyah Community Church
Blossom_St,Blossom St.
Cabrillo_Dr,Cabrillo Dr.
Chapel_Way,Chapel Way
Springlake_Dr,Springlake Dr.
Sunset_Ave,Sunset Ave.
78th_Ave,78th Ave.
Market_St,Market St.
Park_Way,Park Way
San_Luis_Obispo_Ave,San Luis Obispo Ave.
Mozart_St,Mozart St.
Cedar_Ave,Cedar Ave.
Juniper_St,Juniper St.
Papazian_Way,Papazian Way
W_Tennyson_Rd,West Tennyson Road
WEST OAKLAND BART,West Oakland BART
A_St,A St.
14th_St,14th Street
Mountain_Blvd,Mountain Blvd.
Brookside_Dr,Brookside Dr.
Almanza_Dr,Almanza Dr.
17th_Ave,17th Ave.
Fairway_Dr,Fairway Dr.
Railroad_Ave,Railroad Ave.
Leet_Dr,Leet Dr.
Wisconsin_St,Wisconsin St.
Athol_Ave,Athol Ave.
Via_Verdi,Via Verdi
Ardenwood_Blvd,Ardenwood Blvd.
Shellmound_Way,Shellmound Way
Harbour_Way,Harbour Way
Ventura_St,Ventura St.
Kearney_Ave,Kearney Ave.
Denslowe_St,Denslowe St.
63rd_St,63rd St.
148th_Ave,148th Ave.
11th_Ave,11th Ave.
Rollingwood_Dr,Rollingwood Dr.
Las_Palmas_Ave,Las Palmas Ave.
Barlow_Dr,Barlow Dr.
Welch_Rd,Welch Road
Sparling_Dr,Sparling Dr.
Arbor_Ave,Arbor Ave.
28th_Ave,28th Ave.
HARRISON,Harrison
Birdsall_Ave,Birdsall Ave.
Pierce_St,Pierce St.
Castillejo_Rd,Castillejo Road
Benicia_St,Benicia St.
Hillcrest_Rd,Hillcrest Road
Outlook_Ave,Outlook Ave.
Roland_Way,Roland Way
Oak_St,Oak St.
Investment_Blvd,Investment Blvd.
No_8658,8658
Kenyon_Ave,Kenyon Ave.
Nevin_Ave,Nevin Ave.
Kaiser_Hospital_Entrance,Kaiser Hospital Entrance
Capistrano_Dr,Capistrano Dr.
No_14680,14680
"Thomas_L_Berkley_Way,20th St",Thomas L. Berkley Way (20th St.)
Adell_Ct,Adell Ct.
Castro_St,Castro St.
Davis_Ave,Davis Ave.
Mc_Laughlin_St,McLaughlin St.
Oakland_Community_Day_School,Oakland Community Day School
Radley_Ct,Radley Ct.
Evergreen_St,Evergreen St.
HALF_HITCH_STREET,Half Hitch St.
Carlos_Bee_Blvd,Carlos Bee Blvd.
44th_St,44th St.
Milton_St,Milton St.
Locust_St,Locust St.
Addison_St,Addison St.
Camellia_Dr,Camellia Dr.
Brookmill_Dr,Brookmill Dr.
Lamm_Ct,Lamm Ct.
La_Paloma_Rd,La Paloma Road
TONE_5,Virtual Stop For Kaho
Edes_Ave,Edes Ave.
Skyline_Blvd,Skyline Blvd.
Pacific_East_Mall,Pacific East Mall
COUNTY_OFFICES,County offices
E_14th_St,East 14th St.
Cathy_Way,Cathy Way
Howard_St,Howard St.
Fletcher_Lane,Fletcher Lane
56th_St,56th St.
Esser_Ave,Esser Ave.
Capp_St,Capp St.
Puddingstone_Rd,Puddingstone Road
No_25823,25823
Humboldt_St,Humboldt St.
El_Cerrito_City_Hall,El Cerrito City Hall
Panama_Ave,Panama Ave.
Skyline_Dr,Skyline Dr.
Evans_Ave,Evans Ave.
Amaral_St,Amaral St.
Auburn_St,Auburn St.
Montclair_Ave,Montclair Ave.
54th_Ave,54th Avenue
Constitution_Way,Constitution Way
Folsom_Ave,Folsom Ave.
Allen_Ct,Allen Ct.
Sutter_Dr,Sutter Dr.
Hazel_Rd,Hazel Road
Queens_Rd,Queens Road
Velocity_Way,Velocity Way
N_Milpitas_Blvd,North Milpitas Blvd.
Ardmore_Ave,Ardmore Ave.
Oharran_Dr,O'Harron Dr.
29th_St,29th St.
MacArthur_BART,MacArthur BART
COLLEGE_OF_ALAMEDA,College of Alameda
Tilden_Way,Tilden Way
Marina_Way,Marina Way
Osprey_Dr,Osprey Dr.
No_1749,1749
4th_Ave,4th Ave.
Stratford_Rd,Stratford Road
Richmond_BART,Richmond BART
Argyle_Rd,Argyle Road
Airport_Dr,Airport Dr.
No_1151,1151
Anza_Ave,Anza Ave.
Market_Ave,Market Ave.
Gresel_St,Gresel St.
Bengal_Ave,Bengal Ave.
DUBLIN_PLEASANTON_BART,Dublin/Pleasanton BART
DUMBARTON_CT,Dumbarton Ct.
Scout_Rd,Scout Road
Heather_Walk,Heather Walk
Oakport_St,Oakport St.
Vista_Ave,Vista Ave.
Washington_St,Washington St.
62nd_St,62nd St.
Baine_Ave,Baine Ave.
Jenkins_Way,Jenkins Way
LINCOLN_MIDDLE_SCHOOL,Lincoln Middle School
LEONA_DR,Leona Dr.
Benton_St,Benton St.
Keller_Ave,Keller Ave.
2nd_Ave,2nd Avenue
Robinson_Dr,Robinson Dr.
Channing_Way,Channing Way
Sueirro_St,Sueirro St.
Garfield_Ave,Garfield Ave.
Fremont_Ave,Fremont Ave.
Verrada_Rd,Verrada Road
Neptune_Dr,Neptune Dr.
Howe_St,Howe St.
Mabel_Ave,Mabel Ave.
Sequoia_Rd,Sequoia Road
Clinton_Ave,Clinton Ave.
Arlington_Ave,Arlington Ave.
Cherry_St,Cherry St.
Ensenada_Ave,Ensenada Ave.
50th_St,50th St.
Fairmount_Ave,Fairmount Ave.
Dana_St,Dana St.
LAKE_MERRITT_BART,Lake Merritt BART
25th_Ave,25th Ave.
Eddy_St,Eddy St.
Kinkead_Way,Kinkead Way
Atherton_St,Atherton St.
Oleander_St,Oleander St.
Harmon_Ave,Harmon Ave.
Wellington_St,Wellington St.
TONE_5,Virtual Stop for D2 Garage
14th_Ave,14th Ave.
Lake_Chabot_Rd,Lake Chabot Road
Grand_St,Grand St.
E_9th_St,East 9th St.
Greenpark_Dr,Greenpark Dr.
Moraga_Ave,Moraga Ave.
State_St,State St.
No_804,804
Deep_Creek_Rd,Deep Creek Road
Dyer_St,Dyer St.
Ruschin_Dr,Ruschin Dr.
Sanborn_Dr,Sanborn Dr.
Windfeldt_Rd,Windfeldt Road
BAY_FAIR_BART,Bay Fair BART
Brookside_Ave,Brookside Ave.
Linnea_Ave,Linnea Ave.
Monte_Vista_Ave,Monte Vista Ave.
San_Benito_Rd,San Benito Road
Blossom_Way,Blossom Way
Norbridge_Ave,Norbridge Ave.
Wiley_St,Wiley St.
Fairfax_Ave,Fairfax Ave.
Burlington_St,Burlington St.
NORTH_BERKELEY_BART,North Berkeley BART
Mc_Bryde_Ave,McBryde Ave.
Avon_Ave,Avon Ave.
Glen_Park_Rd,Glen Park Road
Bolero_Ave,Bolero Ave.
Serra_Way,Serra Way
Via_Chiquita,Via Chiquita
Caldecott_Ln,Caldecott Lane
Campbell_St,Campbell St.
Highland_Ave,Highland Ave.
Sunnyhills_Rd,Sunnyhills Road
Hearst_Ave,Hearst Ave.
39th_Ave,39th Avenue
Fran_Way,Fran Way
73rd_Ave,73rd Avenue
Harlan_St,Harlan St.
KOREMATSU_MIDDLE_SCHOOL,Korematsu Middle School
Chambosse_Dr,Chambosse Dr.
Orchard_Ave,Orchard Ave.
Griffith_St,Griffith St.
Snell_St,Snell St.
Adams_Ave,Adams Ave.
Millsbrae_Ave,Millsbrae Ave.
Enterprise_Dr,Enterprise Dr.
Ethel_St,Ethel St.
Henry_St,Henry St.
East_Ave,East Ave.
Alcatraz_Ave,Alcatraz Ave.
Dover_St,Dover St.
Commerce_Pl,Commerce Pl.
Van_Dyke_Ave,Van Dyke Ave.
Fernside_Blvd,Fernside Blvd.
LINCOLN_SQUARE,Lincoln Square
47th_St,47th St.
Lawton_Ave,Lawton Ave.
Vallejo_St,Vallejo St.
MacArthur_Blvd,MacArthur Blvd.
Claremont_Blvd,Claremont Blvd.
33rd_St,33rd St.
Potrero_Ave,Potrero Ave.
Northport_Loop_W,Northport Loop West
Carson_St,Carson St.
Tevis_St,Tevis St.
Hegenberger_Lp,Hegenberger Loop
Oak_Hill_Rd,Oak Hill Road
Pierce_Ave,Pierce Ave.
Santa_Fe_Ave,Santa Fe Ave.
Meyers_Dr,Meyers Dr.
Ocaso_Camino,Ocaso Camino
Easter_Way,Easter Way
S_35th_St,South 35th St.
18th_St,18th St.
Tanglewood_Dr,Tanglewood Dr.
Mason_Dr,Mason Dr.
Boden_Way,Boden Way
Chadbourne_Dr,Chadbourne Dr.
Rose_Ave,Rose Ave.
Industrial_Pkwy_Sw,Industrial Parkway Southwest
Via_Arriba,Via Arriba
Longwood_Ave,Longwood Ave.
Congress_Ave,Congress Ave.
Clarke_St,Clarke St.
107th_Ave,107th Ave.
Sprague_Ct,Sprague Ct.
Oakland_Zoo,Oakland Zoo
Acapulco_Rd,Acapulco Road
San_Leandro_Hospital,San Leandro Hospital
Pacheco_Way,Pacheco Way
Sheridan_Ave,Sheridan Ave.
Zion_Lutheran_Church_&_School,Zion Lutheran Church and School
Farnsworth_St,Farnsworth St.
No_1809,1809
7th_Ave,7th Ave.
Mead_Way,Mead Way
No_13685,13685
Via_Granada,Via Granada
Carl_Ave,Carl Ave.
Hunter_Ln,Hunter Lane
27th_St,27th St.
Royal_Ave,Royal Ave.
Gaynor_Ave,Gaynor Ave.
S_Shore_Ctr,South Shore Ctr
Davenport_Pl,Davenport Pl.
Wells_Ave,Wells Ave.
Collins_Dr,Collins Dr.
Milmont_Dr,Milmont Dr.
El_Cerrito_Plaza_BART,El Cerrito Plaza BART
New_England_Village_Dr,New England Village Dr.
Bayfair_Dr,Bayfair Dr.
Linden_St,Linden St.
61st_Ave,61st Ave.
Gilman_St,Gilman St.
Payne_Dr,Payne Dr.
Kansas_St,Kansas St.
S_17th_St,South 17th St.
Road_20,Road 20
Ada_St,Ada St.
Meredith_Dr,Meredith Dr.
DEJEAN_MIDDLE_SCHOOL,DeJean Middle School
Glenwood_Glade,Glenwood Glade
145th_Ave,145th Ave.
167th_Ave,167th Ave.
Via_La_Jolla,Via La Jolla
Sycamore_Ave,Sycamore Ave.
Hebrew_Day_School,Hebrew Day School
S_53rd_St,South 53rd St.
46401,46401
SOUTH_MAGAZINE_RD,South Magazine Road
146th_Ave,146th Ave.
Latham_St,Latham St.
Milton_Dr,Milton Dr.
Calgary_St,Calgary St.
Chapman_Dr,Chapman Dr.
Mohave_Dr,Mohave Dr.
Rivers_St,Rivers St.
Clay_St,Clay St.
Bayview_Elementary_School,Bayview Elementary School
No_2557,2557
Via_Walter,Via Walter
Bonita_Ave,Bonita Ave.
Torrano_Common,Torrano Common
Hopkins_St,Hopkins St.
Farwell_Dr,Farwell Dr.
Packet_Landing_Rd,Packet Landing Road
Regent_St,Regent St.
Parkwoods,Parkwoods
Besco_Dr,Besco Dr.
66th_St,66th St.
No_6133,6133
Dalgo_Rd,Dalgo Road
Alfreda_Blvd,Alfreda Blvd.
164th_Ave,164th Ave.
Lewelling_Blvd,Lewelling Blvd.
45th_Ave,45th Ave.
No_8450,8450
Knoll_Ave,Knoll Ave.
Lake_Anza,Lake Anza
Hegenberger_Pl,Hegenberger Pl.
SEAPLANE_LAGOON_FERRY_TERMINAL,Seaplane Lagoon Ferry Terminal
Galaxy_Dr,Galaxy Dr.
Lois_Ln,Lois Lane
Church_Ln,Church Lane
MONTE_VISTA_VILLAS,Monte Vista Villas
Manila_Ave,Manila Ave.
Curie_St,Curie St.
Santa_Clara_Ave,Santa Clara Ave.
Fortuna_Ave,Fortuna Ave.
Flint_St,Flint St.
Clubhouse_Memorial_Rd,Clubhouse Memorial Road
SAN_FELIPE_PARK,San Felipe Park
Northshore_Dr,Northshore Dr.
W_Redline_Ave,West Red Line Ave.
Valpey_Park_Ave,Valpey Park Ave.
109th_Ave,109th Ave.
No_1475,1475
Mandela_Pkwy,Mandela Parkway
PLEASANT_HILL_BART,Pleasant Hill BART
Helms_Mid_Sch,Helms Middle School
W_A_St,West A St.
TONE_5,Virtual Stop For Scja
ALCORN_PL,Alcorn Pl.
Sutter_Ave,Sutter Ave.
Alpenrose_Ct,Alpenrose Ct.
Edgemoor_Pl,Edgemoor Pl.
Nicol_Ave,Nicol Ave.
Farm_Hill_Dr,Farm Hill Dr.
Lake_Park_Ave,Lake Park Ave.
Garin_Ave,Garin Ave.
104th_Ave,104th Ave.
Garrard_Blvd,Garrard Blvd.
52nd_St,52nd St.
Louise_St,Louise St.
The_Alameda,The Alameda
87th Ave,87th Ave.
No_4200,4200
Brandon_St,Brandon St.
Belrose_Ave,Belrose Ave.
Bridge_Rd,Bridge Road
60th_St,60th St.
Haviland_Ave,Haviland Ave.
Highland_Way,Highland Way
Anita_Ave,Anita Ave.
49th_St,49th St.
Eastshore_Blvd,Eastshore Blvd.
Normandy_Dr,Normandy Dr.
Walnut_St,Walnut St.
Kirk_Ln,Kirk Lane
Georgia_Way_NB,Georgia Way
W_Midway_Ave,West Midway Ave.
Escuela_Pkwy,Escuela Parkway
WEST_HORNET_AVE,West Hornet Ave.
Birch_St,Birch St.
Maple_Ave,Maple Ave.
Meeker_Ave,Meeker Ave.
Bonde_Way,Bonde Way
Caperton_Ave,Caperton Ave.
Milmar_Blvd,Milmar Blvd.
Alvarado-Niles_Rd,Alvarado-Niles Road
Peralta_Blvd,Peralta Blvd.
Ash_St,Ash St.
Nome_St,Nome St.
Silver_Ave,Silver Ave.
Estrella_Ave,Estrella Ave.
Balentine_Dr,Balentine Dr.
Klose_Way,Klose Way
Kings_Ct,Kings Ct.
Broadway_Ave,Broadway Ave.
101st_Ave,101st Ave.
Kohoutek_Way,Kohoutek Way
Harvard_Rd,Harvard Road
Naval Medical Center site,Naval Medical Center site
Stewart_Ave,Stewart Ave.
Bockman_Rd,Bockman Road
Via_Enrico,Via Enrico
Medical_Offices,Medical Offices
Virginia_St,Virginia St.
Bermuda_Way,Bermuda Way
Burkhart_Ave,Burkhart Ave.
Pendleton_Way,Pendleton Way
Haas_Ave,Haas Ave.
Perkins_St,Perkins St.
Helo_Dr,Helo Dr.
Pearl_Ave,Pearl Ave.
Centennial_Hall,Centennial Hall
53rd_St,53rd St.
No_5209,5209
Dusterberry_Way,Dusterberry Way
Wildwood_Ave,Wildwood Ave.
Martin_Luther_King_Jr_Way,Martin Luther King Jr. Way
Godfrey_Pl,Godfrey Pl.
Penniman_Ave,Penniman Ave.
24th_St,24th St.
Glen_Ave,Glen Ave.
Mendocino_Path,Mendocino Path
Cabot_Dr,Cabot Dr.
Meekland_Ave,Meekland Ave.
Lawrence_Hall_Of_Science,Lawrence Hall of Science
Phanor_Dr,Phanor Dr.
Yosemite_Ave,Yosemite Dr.
Madeiros_Ave,Madeiros Ave.
Fred_Jackson_Way,Fred Jackson Way
Hillside_St,Hillside St.
Homeglen_Ln,Homeglen Lane
Portsmouth_Ave,Portsmouth Ave.
Sandcreek_Dr,Sandcreek Dr.
Midwick_Dr,Midwick Dr.
20th_Ave,20th Avenue
No_12669,12669
Hyacinth_Ave,Hyacinth Ave.
Coolidge_Ave,Coolidge Ave.
Buckingham_Dr,Buckingham Dr.
48th_Ave,48th Ave.
Bay_Pl,Bay Pl.
Grant_Ave,Grant Ave.
Longfellow_Ave,Longfellow Ave.
Begier_Ave,Begier Ave.
No_13700,13700
Lido_Blvd,Lido Blvd.
Grove_Ave,Grove Ave.
Sedgeman_St,Sedgeman St.
Bentley_School,Bentley School
Upland_Way,Upland Way
Ocie_Way,Ocie Way
Wesley_Way,Wesley Way
Ridge_Rd,Ridge Road
Morgan_Ave,Morgan Ave.
Carolyn_St,Carolyn St.
Sutter_St,Sutter St.
Jefferson_St,Jefferson St.
Maud_Ave,Maud Ave.
67th_Avenue,67th Avenue
Auburn_Dr,Auburn Dr.
E_21st_St,East 21st St.
Morpeth_St,Morpeth St.
San_Pablo_Dam_Rd,San Pablo Dam Road
19th_Ave,19th Ave.
Vermont_St,Vermont St.
Sunvale_Ct,Sunvale Ct.
DEPARTMENT_OF_MOTOR_VEHICLES,Department of Motor Vehicles
Mackintosh_St,Mackintosh St.
Baumberg_Ave,Baumberg Ave.
Masonic_Ave,Masonic Ave.
Valle_Vista_Ave,Valle Vista Ave.
Mack_St,Mack St.
Orion_St,Orion St.
west intersection,west intersection
Sunset_Dr,Sunset Dr.
Mandana_Blvd,Mandana Blvd.
Arthur_St,Arthur St.
Byron_Ave,Byron Ave.
Sheila_St,Sheila St.
Walnut_Ave,Walnut Ave.
Rockett_Dr,Rockett Dr.
30th_St,30th St.
Bret_Harte_Middle_School,Bret Harte Middle School
Prince_St,Prince St.
Ardley_Ave,Ardley Ave.
Hoover_Ave,Hoover Ave.
Arizona_St,Arizona St.
Fair_Ranch_Rd,Fair Ranch Road
14th_Ave,14th Avenue
Eunice_St,Eunice St.
Camphor_Ave,Camphor Ave.
Van_Buren_Ave,Van Buren Ave.
#Walmart,Walmart
36th_St,36th St.
COLISEUM_BART,Coliseum BART
Mossy_Rock_Dr,Mossy Rock Dr.
Arlington_Isle,Arlington Isle
Alameda_Ave,Alameda Ave.
No_13085,13085
15th_St,15th St.
Clarewood_Dr,Clarewood Dr.
Leidig_Ct,Leidig Ct.
Sheffield_Ave,Sheffield Ave.
Mosswood_Park,Mosswood Park
Civic_Center_Dr,Civic Center Dr.
Seneca_Park_Ave,Seneca Park Ave.
Firethorn_St,Firethorn St.
Canon_Ave,Canon Ave.
Espanola_Dr,Espanola Dr.
Bonner_Ave,Bonner Ave.
84th_Ave,84th Ave.
Ohlone_College_Newark_Campus,Ohlone College Newark Campus
Dixon_Rd,Dixon Road
Castro_Valley_Blvd,Castro Valley Blvd.
Corporate_Pl,Corporate Pl.
Crosby_St,Crosby St.
Fairmont_Dr,Fairmont Dr.
University_Ave,University Ave.
James_Ave,James Ave.
Vineyard_Ln,Vineyard Lane
No_3400,3400
Elwood_Ave,Elwood Ave.
David_St,David St.
May_Rd,May Road
Parish_Ave,Parish Ave.
Mocine_Ave,Mocine Ave.
Tahoe_Ave,Tahoe Ave.
Belfast_Way,Belfast Way
Greenway_Dr,Greenway Dr.
Sterling_Ave,Sterling Ave.
Virginia_Ave,Virginia Ave.
Bland_St,Bland St.
45th_St,45th St.
D_St,D St.
Whitehall_Pl,Whitehall Pl.
No_24535,24535
Bret_Harte_Path,Bret Harte Path
Auto_Mall_Pkwy,Auto Mall Parkway
Valley_View_Ct,Valley View Ct.
S_43rd_St,South 43rd St.
Alida_St,Alida St.
TENNYSON_HIGH_SCHOOL,Tennyson High School
Parrott_St,Parrott St.
Albermarle_St,Albermarle St.
Mission_Bell_Dr,Mission Bell Dr.
Smith_Ave,Smith Ave.
Vallecito_Pl,Vallecito Pl.
Calhoun_St,Calhoun St.
Warring_St,Warring St.
No_650,650
Princeton_Plaza,Princeton Plaza
Liberty_St,Liberty St.
JOAQUIN_MILLER_SCHOOL,Joaquin Miller School
Cutter_Way,Cutter Way
Onondaga_Way,Onondaga Way
Enos_Ave,Enos Ave.
Watkins_St,Watkins St.
Saint_Johns_Dr,Saint Johns Dr.
Balboa_Way,Balboa Way
Melrose_Ave,Melrose Ave.
Santa_Maria_Rd,Santa Maria Road
Meek_Ave,Meek Ave.
Hollywood_Ave,Hollywood Ave.
Tamarack_Dr,Tamarack Dr.
66th_Ave,66th Ave.
No_6141,6141
Dunkirk_Ave,Dunkirk Ave.
Giant_Rd,Giant Road
Ward_St,Ward St.
Depot_Rd,Depot Road
Santa_Clara_Way,Santa Clara Way
Berry_Ave,Berry Ave.
Don_Carol_Dr,Don Carol Dr.
Mission_View_Dr,Mission View Dr.
Glascock_St,Glascock St.
Bay_Colony_Way,Bay Colony Way
B_St,B St.
5th_St,5th St.
77th_Ave,77th Ave.
Colusa_Ave,Colusa Ave.
Sherwood_Forest_Dr,Sherwood Forest Dr.
49th Ave.,49th Ave.
Quema_Dr,Quema Dr.
Seminary_Ct,Seminary Ct.
Emeryville_High_School,Emeryville High School
TONE_5,Virtual Stop For Ussp
West_County_Detention_Facility,West County Detention Facility
Hagen_Blvd,Hagen Blvd.
Douglas_Dr,Douglas Dr.
Mendenhall_Rd,Mendenhall Road
Leighton_St,Leighton St.
Hilltop_Plaza,Hilltop Plaza
Gayley_Rd,Gayley Road
Brewster_Dr,Brewster Dr.
Hudson_St,Hudson St.
Spruce_St,Spruce St.
Hathaway_Ave,Hathaway Ave.
Marina_Village_Pkwy,Marina Village Parkway
SOUTHLAND_PL,Southland Pl.
Eggers_Dr,Eggers Dr.
No_2019,2019
Hillside_Ave,Hillside Ave.
No_26587,26587
Hanson_Ct,Hanson Ct.
Dalessi_Dr,Dalessi Dr.
52nd_Ave,52nd Ave.
Spencer_St,Spencer St.
Alta_Mira_Dr,Alta Mira Dr.
El_Portal_Dr,El Portal Dr.
Templar_Pl,Templar Pl.
Halkin_Ln,Halkin Lane
Ravenwood_Pl,Ravenwood Pl.
Willow_St,Sandcreek Way
El_Paseo_Dr,El Paseo Dr.
The_Lagoon,The Lagoon
CHAPMAN_RD,Chapman Road
WASHINGTON_HOSPITAL,Washington Hospital
Bella_Vista_Ave,Bella Vista Ave.
Glenwood_Ave,Glenwood Ave.
Willie_Stargell_Ave,Willie Stargell Ave.
Oak_Crest_Dr,Oak Crest Dr.
Benvenue_Ave,Benvenue Ave.
Mill_Creek_Rd,Mill Creek Road
Hedge_Ln,Hedge Lane
PORTSMOUTH_WALK,Portsmouth Walk
Foster_City_Blvd,Foster City Blvd.
27th_Ave,27th Ave.
Hillmont_Dr,Hillmont Dr.
Carol_Ave,Carol Ave.
8th_Ave,8th Ave.
18th_Ave,18th Ave.
Rose_St,Rose St.
San_Miguel_Ave,San Miguel Ave.
New_Haven_St,New Haven St.
Scott_St,Scott St.
90th_Ave,90th Ave.
Chestnut_St,Chestnut St.
Point_Eden_Way,Point Eden Way
Hartnett_Ave,Hartnett Ave.
Duboce_St,Duboce St.
Telegragh_Ave,Telegraph Ave.
MILLS_COLLEGE,Mills College
96th_Ave,96th Ave.
Mecartney_Rd,Mecartney Road
Thornally_Dr,Thornally Dr.
Dowling_St,Dowling St.
Cherry_Way,Cherry Way
Regatta_Blvd,Regatta Blvd.
Stantonville_Dr,Stantonville Dr.
Leo_Way,Leo Way
Wilkie_St,Wilkie St.
Cole_St,Cole St.
Great Mall Main Transit Center,Great Mall/Main Transit Center
Aspen_Ave,Aspen Ave.
Creekside_Ct,Creekside Ct.
Monroe_St,Monroe St.
Hansom_Dr,Hansom Dr.
Foley_St,Foley St.
E_32nd_St,East 32nd St.
West_Loop_Rd,West Loop Road
Eagle_Ave,Eagle Ave.
Whipple_Rd,Whipple Road
Vassar_Ave,Vassar Ave.
61st_St,61st St.
Gary_Dr,Gary Dr.
Arlington_Cir,Arlington Cir.
Schuster_Ave,Schuster Ave.
Mayville_Dr,Mayville Dr.
WEST_JUNCTION,West Junction
SAN_CARLOS_WALK,San Carlos Walk
Brockhurst_St,Brockhurst St.
Langley_Way,Langley Way
Bacon_Rd,Bacon Road
Kimberlin_Heights_Dr,Kimberlin Heights Dr.
Michael_Ave,Michael Ave.
California_St,California St.
EDNA_BREWER_MIDDLE_SCHOOL,Edna Brewer Middle School
Oakland_Amtrak,Oakland Amtrak
Elsie_Ave,Elsie Ave.
Magellan_Dr,Magellan Dr.
Grosvenor_Pl,Grosvenor Pl.
Las_Vegas_Ave,Las Vegas Ave.
Bradrick_Dr,Bradrick Dr.
Tropic_Ct,Tropic Ct.
Western_Blvd,Western Blvd.
Main_St,Main St.
S_Main_St,South Main St.
Pinehaven_Rd,Pinehaven Road
Presley_Way,Presley Way
Shasta_Rd,Shasta Road
Rincon_Rd,Rincon Road
Banks_Dr,Banks Dr.
Bermuda_Ave,Bermuda Ave.
No_8000,8000
E_20th_St,East 20th St.
No_4950,4950
Joaquin_Murieta_Ave,Joaquin Murieta Ave.
Roble_Rd,Roble Road
Bristol_Blvd,Bristol Blvd.
Earl_St,Earl St.
Calle_Amigo_Dr,Calle Amigo Dr.
Lake_Arrowhead_Ave,Lake Arrowhead Ave.
Park_Central,Park Central
19th_St,19th St.
London_Com,London Common
Stonington_Ave,Stonington Ave.
MONTERA MIDDLE SCHOOL,Montera Middle School
Hawthorne_Ave,Hawthorne Ave.
Surrey_Ln,Surrey Lane
No_3046,3046
Emerson_Way,Emerson Way
Bayview_Pl,Bayview Pl.
Adeline St,Adeline St.
Ramona_Ave,Ramona Ave.
Baker_Rd,Baker Road
Sycamore_St,Sycamore St.
Gallegos_Ave,Gallegos Ave.
Hillview_Dr,Hillview Dr.
Country_Club_Dr,Country Club Dr.
Mission_Bay_Complex,Mission Bay Complex
Island_Dr,Island Dr.
Baywalk_Rd,Baywalk Road
Driscoll_Rd,Driscoll Road
74th_Ave,74th Ave.
Leimert_Blvd,Leimert Blvd.
Southampton_Ct,Southampton Ct.
Eden_Park_Pl,Eden Park Pl.
Langhorn_Dr,Langhorn Dr.
No_5023,5023
Madrone_St,Madrone St.
Lustig_Ct,Lustig Ct.
HILLTOP_VILLAGE,Hilltop Village
Krause_Ave,Krause Ave.
36th_Ave,36th Ave.
No_13500,13500
86th_Ave,86th Avenue
Prune_Ave,Prune Ave.
Deakin_St,Deakin St.
139th_Ave,139th Ave.
Temescal_Regional_Recreation_Area,Temescal Regional Recreation Area
MCGLOTHEN_WAY,McGlothen Way
15th_Ave,15th Ave.
Beverly_Pl,Beverly Pl.
Olive_Ave,Olive Ave.
Avon_Ln,Avon Lane
Crescent_St,Crescent St.
Turnley_Ave,Turnley Ave.
Cottage_Park_Dr,Cottage Park Dr.
Ritchie_St,Ritchie St.
Coelho Dr,Coelho Dr.
Hawthorne_Ter,Hawthorne Terr.
Nursery_Ave,Nursery Ave.
S_20th_St,South 20th St.
Antelope_Dr,Antelope Dr.
No_13200,13200
El_Embarcadero,El Embarcadero
Maitland_Dr,Maitland Dr.
53rd_Ave,53rd Ave.
19th_St_Oakland_BART,19th St. Oakland BART
Groom_Dr,Groom Dr.
Rumrill_Blvd,Rumrill Blvd.
Ruus_Ln,Ruus Lane
24th_Ave,24th Ave.
Van_Buren_St,Van Buren St.
south_intersection,south intersection
El_Portal_Ave,El Portal Ave.
Delaware_St,Delaware St.
Aileen_St,Aileen St.
Wright_Dr,Wright Dr.
Santa_Clara_St,Santa Clara St.
Oliver_Dr,Oliver Dr.
Frederic_Ave,Frederic Ave.
Harbord_Dr,Harbord Dr.
Hays_St,Hays St.
31st_St,31st St.
E_Hillsdale_Blvd,East Hillsdale Blvd.
Voltaire_Ave,Voltaire Ave.
163rd_Ave,163rd Ave.
Parker_Rd,Parker Road
E_19th_St,East 19th St.
Gardenia_Pl,Gardenia Pl.
Santiago_Rd,Santiago Road
Navellier_St,Navellier St.
Asilomar_Cir,Asilomar Cir.
Brittany_Ave,Brittany Ave.
No_8001,8001
Fulton_St,Fulton St.
Industrial_Blvd,Industrial Blvd.
Cutting_Blvd,Cutting Blvd.
103rd_Ave,103rd Ave.
Rolling_Hills_Memorial_Park,Rolling Hills Memorial Park
No_4445,4445
Snake_Rd,Snake Road
Saratoga_St,Saratoga St.
Warwick_Ave,Warwick Ave.
S_Grimmer_Blvd,South Grimmer Blvd.
Vincente_Ave,Vincente Ave.
ARDEN_ST,Arden St.
No_22233,22233
Pacific_Commons_Blvd,Pacific Commons Blvd.
Harvard_Dr,Harvard Dr.
Frisbie_St,Frisbie St.
Sunkist_Dr,Sunkist Dr.
Cedar_Blvd,Cedar Blvd.
Mission_Falls_Ln,Mission Falls Lane
Kingsley_St,Kingsley St.
Public Market Emeryville,Public Market Emeryville
Jacklin_Rd,Jacklin Road
Graffian_St,Graffian St.
Anthony_St,Anthony St.
Starlite_Way,Starlite Way
Haley_St,Haley St.
ROOSEVELT_MIDDLE_SCHOOL,Roosevelt Middle School
National_Ave,National Ave.
No_2013,2013
Liberty_Way,Liberty Way
Peralta_Ct,Peralta Ct.
No_533,533
Broadway_Terr,Broadway Terr.
Boynton_Path,Boynton Path
Cushing_Pkwy,Cushing Parkway
Acacia_Dr,Acacia Dr.
100th_Ave,100th Ave.
Durant_Ave,Durant Ave.
Jordan_Rd,Jordan Road
Jefferson_Ave,Jefferson Ave.
Wiegman_Rd,Wiegman Road
Alameda_High_School,Alameda High School
Curry_St,Curry St.
FREMONT_SENIOR_CENTER,Fremont Senior Center
No_6153,6153
Yellowstone_Park_Dr,Yellowstone Park Dr.
Montrose_Ave,Montrose Ave.
Challenger_Dr,Challenger Dr.
Ridgewood_Dr,Ridgewood Dr.
Andover_St,Andover St.
Lark_St,Lark St.
Florence_Ave,Florence Ave.
E_33rd_St,East 33rd St.
No_5843,5843
Monterey_Blvd,Monterey Blvd.
IRVINGTON_HIGH_SCHOOL,Irvington High School
Avenida_Martinez,Avenida Martinez
Southampton_Ave,Southampton Ave.
ISLAND_DRIVE_PARK_AND_RIDE_LOT,Island Dr. Park and Ride
Fielding_Dr,Fielding Dr.
Luzon_Dr,Luzon Dr.
The_Circle,The Circle
Glen_Artney_St,Glen Artney St.
144th_Ave,144th Ave.
Lamp_St,Lamp St.
Parkside_Dr,Parkside Dr.
GATEWAY_PLAZA,Gateway Plaza
Tribune_Ave,Tribune Ave.
WISDOM_WAY,Wisdom Way
Hampton_Rd,Hampton Road
Eastmont_Transit_Center,Eastmont Transit Center
Belleview_Dr,Belleview Dr.
Shattuck_Ave,Shattuck Ave.
Kokoma_Rd,Kokoma Road
Paloma_Ave,Paloma Ave.
No_3033,3033
Randolph_Ave,Randolph Ave.
Wheeler_St,Wheeler St.
Civic_Terrace_Ave,Civic Terrace Ave.
Shane_Dr,Shane Dr.
Thomas_Ave,Thomas Ave.
Cody_Rd,Cody Road
Vista_Grand_Dr,Vista Grand Dr.
Dobbel_Ave,Dobbel Ave.
Doane_St,Doane St.
Hassler_Way,Hassler Way
64th_St,64th St.
Diablo_Ave,Diablo Ave.
Westgate_Pkwy,Westgate Parkway
Indian_Rock_Path,Indian Rock Path
77th_Ave,77th Avenue
Melville_Square_Dr,Melville Square Dr.
Peralta_St,Peralta St.
Francisco_St,Francisco St.
Peters_St,Peters St.
Marina_Way_S,Marina Way South
Woodruff_Ave,Woodruff Ave.
Mystic_St,Mystic St.
Church_St,Church St.
Pine_St,Pine St.
Creston_Rd,Creston Road
Alvertus_Ave,Alvertus Ave.
Bush_Ave,Bush Ave.
Keith_Ave,Keith Ave.
Mayhews_Landing_Rd,Mayhews Landing Road
Aughinbaugh_Way,Aughinbaugh Way
Tunis_Rd,Tunis Road
Centennial_Dr,Centennial Dr.
Shetland_Ave,Shetland Ave.
Linnet_Ave,Linnet Ave.
Weldon_Ave,Weldon Ave.
Wayne_Ave,Wayne Ave.
REDDING_ST,Redding St.
Edgewater_Blvd,Edgewater Blvd.
37th_St,37th St.
Parker_Ave,Parker Ave.
Terri_Ann_Ln,Terri Ann Lane
Dexter_Way,Dexter Way
Euclid_Ave,Euclid Ave.
Tamayo_St,Tamayo St.
Bond_St,Bond St.
Callan_Ave,Callan Ave.
Madera_Ave,Madera Ave.
Sorenson Rd,Sorenson Road
Perry_Rd,Perry Road
Myrtle_St,Myrtle St.
Parkmeadow_Dr,Parkmeadow Dr.
E_38th_St,East 38th St.
SEMINARY.,Seminary
BERKELEY_AMTRAK,Berkeley Amtrak
Staten_Ave,Staten Ave.
Montclair_Recreation_Center,Montclair Recreation Center
43rd_St,43rd St.
Miramar_Ave,Miramar Ave.
Circle_Ave,Circle Ave.
Oak_View_Ave,Oak View Ave.
Custer_St,Custer St.
Fairmont_Hospital_North_Entrance,Fairmont Hospital North Entrance
Walpert_St,Walpert St.
Lakeshore_Ave,Lakeshore Ave.
Heinz_Ave,Heinz Ave.
WALAVISTA_AV,Walavista Ave.
Latham_Ln,Latham Lane
MADISON,Madison
Laverne_Ave,Laverne Ave.
Bettencourt_Way,Bettencourt Way
Carrington_St,Carrington St.
Havenscourt_Blvd,Havenscourt Blvd.
No_2565,2565
1st_Ave,1st Ave.
Crestmont_Dr,Crestmont Dr.
Eton_Ave,Eton Ave.
Cedar_St,Cedar St.
Embarcadero_West,Embarcadero West
Posen_Ave,Posen Ave.
90th_Ave,90th Avenue
Community Alliance Church,Community Alliance Church
Hill_Rd,Hill Road
105th_Ave,105th Ave.
Medford_Ave,Medford Ave.
Nielson_Ave,Nielson Ave.
Channel_St,Channel St.
N_5th_St,North 5th St.
Warren_Ave,Warren Ave.
Fair_Ave,Fair Ave.
106th_Ave,106th Ave.
Bernal_St,Bernal St.
Winton_Ave,Winton Ave.
165th_Ave,165th Ave.
Victor_Ave,Victor Ave.
Lassen_St,Lassen St.
Newton_Ave,Newton Ave.
2nd_St,2nd St.
Cabot_Blvd,Cabot Blvd.
Glen_Alpine_Rd,Glen Alpine Road
Center_St,Center St.
3rd_Ave,3rd Ave.
Buena_Vista_Ave,Buena Vista Ave.
Wilson_Way,Wilson Way
Toler_Ave,Toler Ave.
Conestoga_Way,Conestoga Way
No_2032,2032
Durant_Ave,Durant Avenue
Jovita Lane,Jovita Lane
Tan_Oak_Dr,Tan Oak Dr.
Charleston_St,Charleston St.
Milmont_St,Milmont St.
Balsam_Way,Balsam Way
S_31st_St,South 31st St.
No_1080,1080
Thornton_St,Thornton St.
Carter_Ave,Carter Ave.
Connecticut_St,Connecticut St.
Vista_Del_Mar,Vista del Mar
Guilford_Rd,Guilford Road
OHLONE_GREENWAY,Ohlone Greenway
W_Frontage_Rd,West Frontage Road
Standard_Ave,Standard Ave.
Davis_St,Davis St.
Vine_Ln,Vine Lane
Stevenson_Blvd,Stevenson Blvd.
Rosal_Ave,Rosal Ave.
Gwin_Rd,Gwin Road
Patterson_Ave,Patterson Ave.
Hemlock_Ln,Hemlock Lane
Mitchell_St,Mitchell St.
Forbes_Dr,Forbes Dr.
Ashland_Ave,Ashland Ave.
80th_Ave,80th Ave.
Ridgeway_Ave,Ridgeway Ave.
Spencer_Ln,Spencer Lane
Link_St,Link St.
Preble_Ave,Preble Ave.
Dutton_Ave,Dutton Ave.
10th_Ave,10th Avenue
Elsinore_Walk,Elsinore Walk
Grimmer_Blvd,Grimmer Blvd.
9th_Ave,9th Ave.
Ellis_St,Ellis St.
West_St,West St.
Parker_St,Parker St.
Lake_Chabot,Lake Chabot Rd.
Floresta_Blvd,Floresta Blvd.
Crocker_Ave,Crocker Ave.
Imperial_Ave,Imperial Ave.
Osgood_Ct,Osgood Ct.
No_1768,1768
12th_Ave,12th Ave.
Fordham_St,Fordham St.
Torrano_Ave,Torrano Ave.
Parkridge_Dr,Parkridge Dr.
Ashby_BART,Ashby BART
Alice St,Alice St.
Crane_Way,Crane Way
67th_St,67th St.
Valley_St,Valley St.
Montrose_Dr,Montrose Dr.
Carlston_Ave,Carlston Ave.
Park_View_Ter,Park View Terr.
No_1500,1500
Persimmon_Dr,Persimmon Dr.
UPTOWN_OAKLAND,Uptown Oakland
Chabot_Space_And_Science_Center,Chabot Space And Science Center
Starr_St,Starr St.
Franciscan_Way,Franciscan Way
Harder_Rd,Harder Road
Building_No_21,Building #21
Mabel_St,Mabel St.
Altamont_Ave,Altamont Ave.
Moraine_St,Moraine St.
21st_Ave,21st Ave.
Salesforce_Transit_Center,Salesforce Transit Center
Vale_Rd,Vale Road
Marshall_St,Marshall St.
Santa_Susana_Ave,Santa Susana Ave.
Seminary_Ave,Seminary Ave.
Via_Amigos,Via Amigos
Lexington_St,Lexington St.
Marina_Blvd,Marina Blvd.
Stanton_Ave,Stanton Ave.
Carlotta_Ave,Carlotta Ave.
Balmoral_Dr,Balmoral Dr.
Covington_Dr,Covington Dr.
Chesley_Ave,Chesley Ave.
Hill_St,Hill St.
Giant_Hwy,Giant Highway
34th_St,34th St.
Saint_James_Dr,Saint James Dr.
San_Leandro_St,San Leandro St.
Rock_Ln,Rock Lane
Sacramento_St,Sacramento St.
Tompkins_Ave,Tompkins Ave.
Teagarden St,Teagarden St.
Garber_St,Garber St.
Ironwood_Rd,Ironwood Road
Bernhardt_St,Bernhardt St.
Oakview_Dr,Oakview Dr.
Horton_St,Horton St.
Gateview_Apts,Gateview Apartments
Huntwood_Ave,Huntwood Ave.
BETTENCOURT_ST,Bettencourt St.
86th_Ave,86th Ave.
Buell_St,Buell St.
Hale_Ave,Hale Ave.
Cougar_Dr,Cougar Dr.
Hastings_St,Hastings St.
Alta_Rd,Alta Road
Castlemont_High_School,Castlemont High School
Via_Alamitos,Via Alamitos
71st_Ave,71st Ave.
Kains_Ave,Kains Ave.
Fargo_Ave,Fargo Ave.
Hackamore_Ln,Hackamore Lane
Center_Ave,Center Ave.
Park_Blvd,Park Blvd.
S_26th_St,South 26th St.
DOWNTOWN_SAN_LEANDRO,Downtown San Leandro
Western_Ave,Western Ave.
Sierra_Ave,Sierra Ave.
24th_Ave,24th Avenue
Moyers_Rd,Moyers Road
Hilltop_Dr,Hilltop Dr.
Northport_Ct,Northport Ct.
42nd_St,42nd St.
No_1789,1789
Via_Toyon,Via Toyon
Belmont_Ave,Belmont Ave.
Clawiter_Rd,Clawiter Road
26th_St,26th St.
St._Rose_Hospital,St. Rose Hospital
No_37395,37395
Carter_St,Carter St.
Aurora_Dr,Aurora Dr.
Wistar_Rd,Wistar Road
Sunnyside_St,Sunnyside St.
Arch_St,Arch St.
Grace_St,Grace St.
Pine_Rd,Pine Road
Grand_Ave,Grand Ave.
Lorraine_Blvd,Lorraine Blvd.
Allston_Way,Allston Way
OAKMONT_DR,Oakmont Dr.
Ishi_Dr,Ishi Dr.
59th_St,59th St.
Taft_Ave,Taft Ave.
Deer_Run_Dr,Deer Run Dr.
Santa_Rosa_St,Santa Rosa St.
Fleming_Ave,Fleming Ave.
Dover_Ave,Dover Ave.
Kaiser_Medical_Offices,Kaiser Medical Offices
Victoria_Cir,Victoria Cir.
141st_Ave,141st Ave.
Holy_Sepulchre_Cemetery,Holy Sepulchre Cemetery
Landing_Pkwy,Landing Parkway
Morningside_Dr,Morningside Dr.
Kidder_St,Kidder St.
Fitzgerald_Dr,Fitzgerald Dr.
Schmidt_Ln,Schmidt Lane
Woodland_Way,Woodland Way
Corte_Arrango,Corte Arrango
Lynde_St,Lynde St.
Embarcadero_Rd,Embarcadero Road
Buchanan_St,Buchanan St.
Brooklyn_Ave,Brooklyn Ave.
Ostrander_Rd,Ostrander Road
No_5030,5030
55th_Ave,55th Ave.
International Blvd,International Blvd.
Barranca_St,Barranca St.
6th_Ave,6th Ave.
Canyon_Oaks_Dr,Canyon Oaks Dr.
152nd_Ave,152nd Ave.
Grizzly_Peak_Blvd,Grizzly Peak Blvd.
20th_St,20th St.
Columbia_Ave,Columbia Ave.
Delano_St,Delano St.
Fairview_St,Fairview St.
Barkley_Dr,Barkley Dr.
Hancock_St,Hancock St.
Lancaster_Dr,Lancaster Dr.
Glenview_Dr,Glenview Dr.
Santa_Susana_Way,Santa Susana Way
Moores_Ave,Moores Ave.
Cosgrave_Ave,Cosgrave Ave.
Adams_St,Adams St.
Tulare_Ave,Tulare Ave.
Cal_State_East_Bay_Library,Cal State East Bay Library
Brighton_Ave,Brighton Ave.
Park_St,Park St.
S_23rd_St,South 23rd St.
Atlantic_Ave,Atlantic Ave.
Boston_Ave,Boston Ave.
San_Carlos_Way,San Carlos Way
Gilbert_St,Gilbert St.
Frederick_Rd,Frederick Road
Dowe_Ave,Dowe Ave.
Great_Mall_Dr,Great Mall Dr.
Wrenn_St,Wrenn St.
Windsor_Way,Windsor Way
173rd_Ave,173rd Ave.
Oberlin_Ave,Oberlin Ave.
Elm_Ave,Elm Ave.
Mitchell_Ave,Mitchell Ave.
Los_Angeles_Ave,Los Angeles Ave.
WALAVISTA_AV,Wala Vista Ave.
Buena_Vista_Way,Buena Vista Way
Saratoga_Dr,Saratoga Dr.
Galway_Dr,Galway Dr.
Industrial_Pkwy,Industrial Parkway
Duke_Dr,Duke Dr.
Olinda_Dr,Olinda Dr.
Fillmore_St,Fillmore St.
Purdue_St,Purdue St.
Leslie_St,Leslie St.
Harvey_Ave,Harvey Ave.
San_Lorenzo_High_School,San Lorenzo High School
Greenwood_Dr,Greenwood Dr.
Calmar_Ave,Calmar Ave.
Lockwood_St,Lockwood St.
170th_Ave,170th Ave.
Arguello_Dr,Arguello Dr.
Derby_St,Derby St.
Musick_Ave,Musick Ave.
Colorados_Dr,Colorados Dr.
La_Playa_Dr,La Playa Dr.
No_41707,41707
Delaware_Dr,Delaware Dr.
Marcuse_St,Marcuse St.
Brookdale_Ave,Brookdale Ave.
Fountain_St,Fountain St.
Catron_Dr,Catron Dr.
Irvington_Ave,Irvington Ave.
Siward_Dr,Siward Dr.
Stanford_Ave,Stanford Ave.
Alpine_St,Alpine St.
San Rafael St,San Rafael St.
No_1529,1529
EL_CERRITO_DEL_NORTE_BART,El Cerrito del Norte BART
Linda_Ave,Linda Ave.
Warwick_Rd,Warwick Road
Olinda_Elementary_School,Olinda Elementary School
Estudillo_Ave,Estudillo Ave.
Visalia_Ave,Visalia Ave.
MONTCLAIR_PARK,Montclair Park
Mc_Kinley_Ct,McKinley Ct.
94th_Ave,94th Ave.
Enterprise_Ave,Enterprise Ave.
Sunnyhaven_St,Sunnyhaven St.
Christy_St,Christy St.
Acacia_Walk,Acacia Walk
Rishell_Rd,Rishell Road
Edloe_Dr,Edloe Dr.
Hartnell_St,Hartnell St.
Happyland_Ave,Happyland Ave.
Mavis_St,Mavis St.
El_Camino_Real,El Camino Real
San_Jose_Ave,San Jose Ave.
Roosevelt_Ave,Roosevelt Ave.
BLUME_DR,Blume Dr.
Ottawa_Ave,Ottawa Ave.
Bartlett_Ave,Bartlett Ave.
Gallaudet_Dr,Gallaudet Dr.
Eden_Shores_Dr,Eden Shores Dr.
Foothill_Blvd,Foothill Blvd.
Brookpark_Rd,Brookpark Road
No_4500,4500
Edgewater_Dr,Edgewater Dr.
Rose_Walk,Rose Walk
Turner_Ct,Turner Ct.
58th_St,58th St.
Amend_Rd,Amend Road
Carriage_Dr,Carriage Dr.
Uranus_Ave,Uranus Ave.
Seaview_Ave,Seaview Ave.
Stanton_St,Stanton St.
Heather Glenn Lane,Heather Glenn Lane
MacDonald_Ave,Macdonald Ave.
Sereno_Cir,Sereno Cir.
STENZEL_PARK,Stenzel Park
64th_Ave,64th Ave.
Roth_Way,Roth Way
Trimble_Ct,Trimble Ct.
Bromley_Ave,Bromley Ave.
W_MacDonald_Ave,West Macdonald Ave.
Kohls,Kohl's
Dwight_Crescent,Dwight Crescent
SULPHUR_CREEK_NATURE_CENTER,Sulphur Creek Nature Center
Bancroft_Way,Bancroft Way
Vintage_Park_Dr,Vintage Park Dr.
Encinal_Ave,Encinal Ave.
Lexford_Pl,Lexford Pl.
Shay_Dr,Shay Dr.
Neilson_St,Neilson St.
Oxford_Ave,Oxford Ave.
37th_Ave,37th Ave.
Mayten_Way,Mayten Way
Stevenson_Ave,Stevenson Ave.
Manor_Blvd,Manor Blvd.
Kaiser_Convention_Center,Kaiser Convention Center
Fairview_Ave,Fairview Ave.
Maybelle_Ave,Maybelle Ave.
Wellesley_Ave,Wellesley Ave.
Pineneedle_Dr,Pineneedle Dr.
Filbert_St,Filbert St.
No_3069,3069
Kala Bagai Way,Kala Bagai Way
46555,46555
No_2020,2020
Oregon_St,Oregon St.
Twin_Creeks_Ct,Twin Creeks Ct.
Brush_St,Brush St.
No_9120,9120
W_Broadmoor_Blvd,West Broadmoor Blvd.
Longridge_Rd,Longridge Road
Lessley_Ave,Lessley Ave.
Stratford_(Stratford_School),Stratford School
No_2051,2051
Via_Toledo,Via Toledo
Blacow_Rd,Blacow Road
Pardee_Dr,Pardee Dr.
Verdemar_Dr,Verdemar Dr.
Stearns_Ave,Stearns Ave.
Guardino_Dr,Guardino Dr.
Sunnyside_Dr,Sunnyside Dr.
Manchester_Rd,Manchester Road
SILLIMAN CENTER,Silliman Center
Kenilworth_St,Kenilworth St.
Pine_Ave,Pine Ave.
Villa_Dr,Villa Dr.
Crespi_Pl,Crespi Pl.
Roberts_Ave,Roberts Ave.
Russell_St,Russell St.
Barnes_Ct,Barnes Ct.
Carlos_Avee,Carlos Ave.
San_Leandro_Blvd,San Leandro Blvd.
Florence_Ter,Florence Terr.
Shattuck_Pl,Shattuck Pl.
Enterprise_St,Enterprise St.
31st__Avenue,31st Avenue
Brazilian Room,Brazilian Room
Snowden_Ave,Snowden Ave.
81st_Ave,81st Ave.
Singleton_Ave,Singleton Ave.
136th_Ave,136th Ave.
Larchmont_Isle,Larchmont Isle
Marina_Bay_Pkwy,Marina Bay Parkway
Greenwood_Ave,Greenwood Ave.
Glenfield_Ave,Glenfield Ave.
4th_St,4th St.
Gem_Ave,Gem Ave.
Jarvis_Ave,Jarvis Ave.
Farallon_Dr,Farallon Dr.
143rd_Ave,143rd Ave.
No_4670,4670
Estepa_Dr,Estepa Dr.
Cleveland_St,Cleveland St.
Horner_St,Horner St.
Bidwell_Dr,Bidwell Dr.
Ondina_Dr,Ondina Dr.
Drew_St,Drew St.
42nd_Ave,42nd Ave.
El_Patio,El Patio
No_7303,7303
FRUITVALE.,Fruitvale
Huntington_Dr,Huntington Dr.
26th_Ave,26th Ave.
Beresford_Ct,Beresford Ct.
St_Joseph_Cemetery,St. Joseph Cemetery
Empire_Rd,Empire Road
Pan_Am_Way,Pan Am Way
Camino_Lenada,Camino Lenada
55th_St,55th St.
Starboard_Dr,Starboard Dr.
Wildcat_Canyon_Rd,Wildcat Canyon Road
20th_Ave,20th Ave.
Greenly_Dr,Greenly Dr.
E_29th_St,East 29th St.
Hillegass_Ave,Hillegass Ave.
Mc_Millan_St,McMillan St
Belvedere_Ave,Belvedere Ave.
Bahama_Ave,Bahama Ave.
No_2012,2012
Codornices_Park,Codornices Park
Park_Ave,Park Ave.
Castro Valley Park and Ride,Castro Valley Park and Ride
La_Puerta_Dr,La Puerta Dr.
Drake_Dr,Drake Dr.
Newark_Blvd,Newark Blvd.
W_Harder_Rd,West Harder Road
Redwood_Rd,Redwood Road
Clement_Ave,Clement Ave.
Newark_Community_Park,Newark Community Park
Catalpa_Way,Catalpa Way
Heyer_Ave,Heyer Ave.
48th_Ave,48th Avenue
Rosemont_Square,Rosemont Square
Mather_St,Mather St.
Purdue_Ave,Purdue Ave.
Alma_Ave,Alma Ave.
Bayo_Vista_Ave,Bayo Vista Ave.
Lincoln_Ave,Lincoln Ave.
Bay_St,Bay St.
Trinity_Ave,Trinity Ave.
La_Honda_Ave,La Honda Ave.
Monterey_Ave,Monterey Ave.
S_49th_St,South 49th St.
Miles_Ave,Miles Ave.
HOLY_NAMES_HIGH_SCHOOL,Holy Names High School
Oxford_St,Oxford St.
Peralta_Ave,Peralta Ave.
Cragmont_Ave,Cragmont Ave.
Merced_St,Merced St.
Montana_St,Montana St.
Cantebury_Ln,Canterbury Lane
S_37th_St,South 37th St.
JETTY_DR,Jetty Dr.
12th_St,12th St.
Stoakes_Ave,Stoakes Ave.
Hilltop_Mall_Rd,Hilltop Mall Road
Yosemite_Ave,Yosemite Ave.
Lawlor_St,Lawlor St.
Salmon_Way,Salmon Way
Jerome_Ave,Jerome Ave.
Washington_Dr,Washington Dr.
Aladdin_Ave,Aladdin Ave.
S_Milpitas_Blvd,South Milpitas Blvd.
Cairo_Rd,Cairo Road
Key_Blvd,Key Blvd.
Griffin_Dr,Griffin Dr.
Hilton_St,Hilton St.
east_intersection,east intersection
Bristlecone_Dr,Bristlecone Dr.
Union_St,Union St.
Scotia_Ave,Scotia Ave.
Richmond_Pkwy_Transit_Center,Richmond Parkway Transit Center
Lorena_Ave,Lorena Ave.
Piedmont_Cr,Piedmont Crescent
De_Anza_High_School,De Anza High School
Ripley_Ave,Ripley Ave.
Spring_St,Spring St.
Quail_Ave,Quail Ave.
No_21270,21270
Hop_Ranch_Rd,Hop Ranch Road
Bernhard_Ave,Bernhard Ave.
Archmont_Pl,Archmont Pl.
Chappell_Pl,Chappell Pl.
Westminster_Ave,Westminster Ave.
Del_Camino_Dr,Del Camino Dr.
Robinhood_Dr,Robinhood Dr.
No_5798,5798
34th_Ave,34th Ave.
Thornton_Ave,Thornton Ave.
Shellmound_St,Shellmound St.
Sylvan_Glen_Ct,Sylvan Glen Ct.
Osgood_Rd,Osgood Road
Del_Monte_St,Del Monte St.
Warm_Spring_Blvd,Warm Springs Blvd.
Carl_Munck_School,Carl Munck Elementary School
Callery_Ct,Callery Ct.
SAN_LEANDRO__BART,San Leandro BART
Shafter_Ave,Shafter Ave.
Robertson_Ave,Robertson Ave.
Pontiac_St,Pontiac St.
Sunnyside_Ave,Sunnyside Ave.
Le_Conte_Ave,LeConte Ave.
Falcon_Dr,Falcon Dr.
E_10th_St,East 10th St.
Mariner_Square_Dr,Mariner Square Dr.
SWISS_PARK,Swiss Park
NORRIS_RD,Norris Road
No_6669,6669
Ellsworth_St,Ellsworth St.
Stanton_Heights_Ct,Stanton Heights Ct.
Santa_Ray_Ave,Santa Ray Ave.
Taurus_Ave,Taurus Ave.
Hatch_Dr,Hatch Dr.
Shepherd_Canyon_Rd,Shepherd Canyon Road
Weigand_Ct,Weigand Ct.
Peerless_Ave,Peerless Ave.
Welford_Ln,Welford Lane
21st_St,21st St.
J_St,J St.
Birmingham_Dr,Birmingham Dr.
76th_Ave,76th Ave.
West Avenue 130th,West Ave. 130th
Warner_Ave,Warner Ave.
SOUTH_HAYWARD__BART,South Hayward BART
INTERSTATE_680,I-680
San_Luis_St,San Luis St.
Pompano_Ave,Pompano Ave.
Tupelo_St,Tupelo St.
Lynn_Ave,Lynn Ave.
No_545,545
Laguna_Ave,Laguna Ave.
57th_Ave,57th Ave.
Mount_St,Mount St.
Kato_Rd,Kato Road
Smith_St,Smith St.
F_St,F St.
7th_St,7th St.
Bruce_Dr,Bruce Dr.
Baldwin_St,Baldwin St.
Mosley_Ave,Mosley Ave.
E_31st_St,East 31st St.
Garvin_Ave,Garvin Ave.
HIRSCH_SCHOOL,Hirsch School
W_Blossom_Way,West Blossom Way
Kittredge_St,Kittredge St.
Eden_Landing_Rd,Eden Landing Road
Haven_Ave,Haven Ave.
Gilma_Dr,Gilma Dr.
TONE_5,Virtual Stop For Tepa
Shawn_Way,Shawn Way
Via_Giaramita,Via Giaramita
E_27th_St,East 27th St.
Seadrift_Dr,Seadrift Dr.
West_Lake_Middle_School,Westlake Middle School
Gurdwara_Rd,Gurdwara Road
Toll_Plaza,Toll Plaza
Atlas_Rd,Atlas Road
Doolittle_Dr,Doolittle Dr.
Rudsdale_St,Rudsdale St.
Eden_Greenway,Eden Greenway
Alder Ave,Alder Ave.
Enea_Ct,Enea Ct.
No_5743,5743
Kofman_Pkwy,Kofman Parkway
Broadway,Broadway
Atlas_Ave,Atlas Ave.
Patricia_Ct,Patricia Ct.
Wilson_Ave,Wilson Ave.
Amador_St,Amador St.
41st_St,41st St.
Corning_Ave,Corning Ave.
Bissell_Ave,Bissell Ave.
SAN_LEANDRO_CIVIC_CENTER,San Leandro Civic Center
Fairmont_Hospital_South_Entrance,Fairmont Hospital South Entrance
Castro_Rd,Castro Road
Via_Nueva,Via Nueva
Clark_Rd,Clark Road
Ferry_Ln,Ferry Lane
Van_Ness_St,Van Ness St.
38th_St,38th St.
Powell_St,Powell St.
Warm_Springs_Ct,Warm Springs Ct.
Boscell_Ave,Boscell Ave.
Grayson_St,Grayson St.
Ascot_Pl,Ascot Pl.
Acton_St,Acton St.
Fitchburg_Ave,Fitchburg Ave.
Jane_Ave,Jane Ave.
Yuba_St,Yuba St.
Colton_Blvd,Colton Blvd.
Whitney_Pl,Whitney Pl.
San_Fernando_Ave,San Fernando Ave.
Lake_Ave,Lake Ave.
NORVELL_ST,Norvell St.
Transbay Terminal,Transbay Terminal
Donal_Ave,Donal Ave.
No_1525,1525
Beloit_Ave,Beloit Ave.
JEFFERSON_ELEMENTARY_SCHOOL,Jefferson Elementary School
Pike_Ln,Pike Lane
No_25861,25861
Industrial_Dr,Industrial Dr.
Via_Honda,Via Honda
Gladys_Ave,Gladys Ave.
E_25th_St,East 25th St.
Ralph_Appezzato_Memorial_Pkwy,Poggi St.
Mooney Ave,Mooney Ave.
Pardee_St,Pardee St.
John_Dr,John Dr.
Rheem_Ave,Rheem Ave.
99th_Ave,99th Ave.
Patterson_Cir,Patterson Cir.
69th_Ave,69th Ave.
Chambers_Dr,Chambers Dr.
Marin_Ave,Marin Ave.
Page_Ave,Page Ave.
Pinewood_Rd,Pinewood Road
Azalea_Ln,Azalea Lane
Joaquin_Ave,Joaquin Ave.
W_Grand_Ave,West Grand Ave.
Via_Media,Via Media
Havens_Pl,Havens Pl.
Merriewood_Dr,Merriewood Dr.
Marin_Rd,Marin Road
Silva_Ave,Silva Ave.
HIGHLAND_HOSPITAL,Highland Hospital
40th_Ave,40th Ave.
Police_Department_Entrance,Police Department Entrance
Cowper_Ave,Cowper Ave.
Ordway_St,Ordway St.
Pala_Ave,Pala Ave.
TRIUMPH_DR,Triumph Dr.
28th_Ave,28th Avenue
Daggett_Ave,Daggett Ave.
Trask_St,Trask St.
Behrens_St,Behrens St.
W_Cutting_Blvd,West Cutting Blvd.
Pinecrest_Dr,Pinecrest Dr.
W_Sunset_Blvd,West Sunset Blvd.
Carlton_St,Carlton St.
Orchard_Dr,Orchard Dr.
Fruitvale_Ave,Fruitvale Ave.
No_4024,4024
12th,12th
Sioux_Dr,Sioux Dr.
Laurel_Ln,Laurel Lane
Woodland_Elementary_School,Woodland Elementary School
Gail_Dr,Gail Dr.
Monarch_St,Monarch St.
Lucas_Ave,Lucas Ave.
Mathews_St,Mathews St.
G_St,G St.
Sundale_Dr,Sundale Dr.
Campus_Way,Campus Way
Joaquin_Miller_Ct,Joaquin Miller Ct.
Everett_St,Everett St.
Williams_St,Williams St.
No_5040,5040
Junction_Ave,Junction Ave.
SAN_PEDRO_DR,San Pedro Dr.
Farragut_Ave,Farragut Ave.
Domingo_Ave,Domingo Ave.
Forest_Ln,Forest Lane
Dumont_Ave,Dumont Ave.
Hesperian_Blvd,Hesperian Blvd.
Danti_Ct,Danti Ct.
Halcyon_Dr,Halcyon Dr.
65th_St,65th St.
Chess_Dr,Chess Dr.
Sunset_Blvd,Sunset Blvd.
Somerset_Ave,Somerset Ave.
Pacific_Ave,Pacific Ave.
Eureka_Ct,Eureka Ct.
Edison_St,Edison St.
Waldo_Ave,Waldo Ave.
22nd_Ave,22nd Ave.
Bryant_St,Bryant St.
Clara_St,Clara St.
Oakland_High_School,Oakland High School
Le_Roy_Ave,Le Roy Ave.
NORTH_MAGAZINE_RD,North Magazine Road
46th_Ave,46th Ave.
Duncan_Way,Duncan Way
Madison_Ave,Madison Ave.
Jean_St,Jean St.
COLISEUM_BART,Coliseum BART Walkway
13th_Ave,13th Ave.
No_6509,6509
159th Ave,159th Ave.
Avenida_Dr,Avenida Dr.
Birdsail_Ave,Birdsail Ave.
Willow_St,Willow St.
Soto_Rd,Soto Road
Shell_Blvd,Shell Blvd.
American High School,American High School
54th_Ave,54th Ave.
No_24514,24514
Gable_Dr,Gable Dr.
Raymond_St,Raymond St.
Oakland_International_Airport,Oakland International Airport
Redbud_Ln,Redbud Lane
Oakland_Technical_High_School,Oakland Technical High School
SCOTT_CREEK_RD,Scott Creek Road
Patrick_Ave,Patrick Ave.
23rd_Ave,23rd Ave.
Robert_Davey_Jr_Dr,Robert Davey Jr. Dr.
Canon_Dr,Canon Dr.
Boynton_Ave,Boynton Ave.
Victoria_Ave,Victoria Ave.
E_18th_St,East 18th St.
Santa_Maria_St,Santa Maria St.
Vicksburg_Ave,Vicksburg Ave.
Monterra_Ter,Monterra Terr.
E_12th_St,East 12th St.
INTERSTATE_80,I-80
Pitt_Way,Pitt Way
Montague Av,Montague Expressway
Cornwall_Way,Cornwall Way
PITTSBURG_BAY_POINT_BART,Pittsburg/Bay Point BART
Inverleith_Ter,Inverleith Terr.
Ford_Point,Ford Point
Bridgeview_Dr,Bridgeview Dr.
Topanga_Dr,Topanga Dr.
Solano_Ave,Solano Ave.
Rose_Way,Rose Way
DEERING_STREET,Deering St.
Blair_Ave,Blair Ave.
John_Ave,John Ave.
INTERSTATE_880,I-880
Rolando_Ave,Rolando Ave.
No_345,345
Arcade_Ave,Arcade Ave.
Allendale_Ave,Allendale Ave.
Ygnacio_Ave,Ygnacio Ave.
Heafey_Rd,Heafey Road
Christie_Ave,Christie Ave.
Olive_St,Olive St.
Seven_Hills_Rd,Seven Hills Road
Country_Dr,Country Dr.
Appian Village Dr.,Appian Village Dr.
Acorn_St,Acorn St.
Lund_Ave,Lund Ave.
BERKELEY_MARINA_SPORT_CENTER,Berkeley Marina Sport Center
No_675,675
Fairlawn_Dr,Fairlawn Dr.
No_13499,13499
Montague Av,Montague Ave.
San_Luis_Rd,San Luis Road
Calafia_Ave,Calafia Ave.
Stuart_St,Stuart St.
Senior_Ave,Senior Ave.
Sumatra_St,Sumatra St.
Via_Cordoba,Via Cordoba
Sailway_Dr,Sailway Dr.
Dalmatia_Pl,Dalmatia Pl.
South_Van_Ness_Ave,South Van Ness Ave.
Caroline_St,Caroline St.
Santa_Barbara_Rd,Santa Barbara Road
No_45581,45581
Cabrillo_Sur,Cabrillo Sur
Aliso_Ave,Aliso Ave.
Orange_Ave,Orange Ave.
Schafer_Rd,Schafer Road
Milvia_St,Milvia St.
35th_St,35th St.
Scenic_St,Scenic St.
Calaveras_Blvd,Calaveras Blvd.
San_Pablo_Ave,San Pablo Ave.
HORNER_JR_HIGH_SCHOOL,Horner Jr. High School
Pullman_St,Pullman St.
16th_St,16th St.
Desmond_St,Desmond St.
King_Ave,King Ave.
Weber_St,Weber St.
Kensington_Park_Rd,Kensington Park Road
Beale_St,Beale St.
Arrowhead_Way,Arrowhead Way
Bancroft_Ave,Bancroft Ave.
Cypress_Ave,Cypress Ave.
LOGAN_HIGH_SCHOOL,Logan High School
Hollis_St,Hollis St.
Aberdeen_Way,Aberdeen Way
West Avenue 140th,West Ave. 140th
CLAREMONT_MIDDLE_SCHOOL,Claremont Middle School
BART_Way,BART Way
Jodie_Ln,Jodie Lane
Archery_Way,Archery Way
Revere_Ave,Revere Ave.
Kitty_Hawk_Rd,Kitty Hawk Road
Cedar_Rose_Park,Cedar Rose Park
El_Cerrito_Ave,El Cerrito Ave.
Reposo_Dr,Reposo Dr.
ROCK_AVE,Rock Ave.
Willow_Ave,Willow Ave.
Decoto Rd,Decoto Road
Niles_Blvd,Niles Blvd.
Production_Ave,Production Ave.
73rd_Ave,73rd Ave.
Civic_Ave,Civic Ave.
Woodland_Pl,Woodland Pl.
Galindo_St,Galindo St.
Zinn_St,Zinn St.
Hyde_Dr,Hyde Dr.
Phillips_Ct,Phillips Ct.
Asilomar_Dr,Asilomar Dr.
Lido_Faire,Lido Faire
5th_Ave,5th Avenue
Logan_St,Logan St.
Dolores_Ave,Dolores Ave.
H_St,H St.
Lippert_Ave,Lippert Ave.
Curry_Ave,Curry Ave.
Hayward_Blvd,Hayward Blvd.
No_6241,6241
39th_Ave,39th Ave.
Environmental Education Center,Environmental Education Center
Villa_Nueva_Dr,Villa Nueva Dr.
United_States_Post_Office,United States Post Office
San_Antonio_Way,San Antonio Way
Mission_Blvd,Mission Blvd.
Woodminster_Ln,Woodminster Lane
ROCKRIDGE_BART,Rockridge BART
Versailles_Ave,Versailles Ave.
Heyer_Pl,Heyer Pl.
S_45th_St,South 45th St.
Greek_Theater,Greek Theater
Shone_Ave,Shone Ave.
Elgin_St,Elgin St.
Pheasant_Ln,Pheasant Lane
Fremont Blvd,Fremont Blvd.
Arden_Rd,Arden Road
10th_St,10th St.
Modoc_Ave,Modoc Ave.
Tewksbury_Ave,Tewksbury Ave.
Racine_St,Racine St.
Wisteria_St,Wisteria St.
Oyster_Pond_Rd,Oyster Pond Road
E_24th_St,East 24th St.
Commerce_Dr,Commerce Dr.
Lakeview_Ave,Lakeview Ave.
Contra_Costa_Ave,Contra Costa Ave.
Santa_Maria_Ave,Santa Maria Ave.
Polk_St,Polk St.
Stevenson Common,Stevenson Common
Underwood_Ave,Underwood Ave.
63rd_Avenue,63rd Avenue
Central_Park_Dr,Central Park Dr.
Berryman_St,Berryman St.
No_25800,25800
Castro_Ln,Castro Lane
Page_St,Page St.
Rilea_Way,Rilea Way
Cornell_Ave,Cornell Ave.
Elysian_Fields_Dr,Elysian Fields Dr.
Zinn_Dr,Zinn Dr.
Great_Salt_Lake_Ct,Great Salt Lake Ct.
Nicolet_Ave,Nicolet Ave.
Yosemite_Rd,Yosemite Road
Victoria_St,Victoria St.
Haskell_St,Haskell St.
CITY_CENTER.,City Center
Fairway_St,Fairway St.
Panama_Ct,Panama Ct.
Santa_Rita_St,Santa Rita St.
Holman_Rd,Holman Road
Conlon_Ave,Conlon Ave.
Cobblestone_Ct,Cobblestone Ct.
Pinole_Ridge_Shopping_Center,Pinole Ridge Shopping Center
Ralph_Appezzato_Memorial_Pkwy,Ralph Appezzato Memorial Parkway
40th_St,40th St.
22nd_St,22nd St.
Calaveras Ave.,Calaveras Ave.
Arrowhead_Dr,Arrowhead Dr.
Bellevue_Ave,Bellevue Ave.
UC_Faculty_Club,UC Faculty Club
Pullman_Ave,Pullman Ave.
Hegenberger_Rd,Hegenberger Road
Huntwood_Way,Huntwood Way
Coventry_Rd,Coventry Road
Flagg_St,Flagg St.
46th_St,46th St.
Sodaville_Ct,Sodaville Ct.
Coral_Rd,Coral Road
Skyline_High_School,Skyline High School
13th_St,13th St.
Mowry_Ave,Mowry Ave.
NEWPARK_MALL,NewPark Mall
Merritt_College,Merritt College
Dupont_Ave,Dupont Ave.
Metro_Center_Blvd,Metro Center Blvd.
Hilltop_Cr,Hilltop Crescent
Placer_St,Placer St.
CSU_East_Bay_Recreation_and_Wellness,Cal State East Bay Recreation and Wellness
Darwin_Dr,Darwin Dr.
Saroni_Dr,Saroni Dr.
Port_Sailwood_Dr,Port Sailwood Dr.
Estabrook_St,Estabrook St.
Almaden_Blvd,Almaden Blvd.
Fontaine_Ct,Fontaine Ct.
Gordon_Way,Gordon Way
Whitman_St,Whitman St.
5th_Ave,5th Ave.
HOOD_STREET,Hood St.
Hermosa_Ave,Hermosa Ave.
Shepherd_Ave,Shepherd Ave.
Arimo_Ave,Arimo Ave.
108th_Ave,108th Ave.
Calaroga_Ave,Calaroga Ave.
Monticello_Ave,Monticello Ave.
Brickell_Way,Brickell Way
Garden_Rd,Garden Road
Golf_Links_Rd,Golf Links Road
Riggs_Ct,Riggs Ct.
Los_Coches_St,Los Coches St.
Medau_Pl,Medau Pl.
Trestle_Glen_Rd,Trestle Glen Road
Lafayette_Ave,Lafayette Ave.
College_Ln,College Lane
12th_St_Oakland_City_Center_BART,12th St. Oakland City Center BART
8th_St,8th St.
Hellings_Ave,Hellings Ave.
Vine_St,Vine St.
West_End_Way,West End Way
Chatham_Rd,Chatham Road
Colby_St,Colby St.
Grove_Way,Grove Way
Beatron_Way,Beatron Way
41st_Ave,41st Ave.
"MacArthur_Blvd,Seminary_Ave",MacArthur Blvd./Seminary Ave.
Monarch_Bay_Dr,Monarch Bay Dr.
City_Center_Dr,City Center Dr.
E_30th_St,East 30th St.
Laird_Ave,Laird Ave.
82nd_Ave,82nd Ave.
Paru_St,Paru St.
Oakes_Dr,Oakes Dr.
Harrison_St,Harrison St.
No_300,300
Tonopah_Dr,Tonopah Dr.
Wood_Middle_School,Wood Middle School
Amherst_Ave,Amherst Ave.
Lake_Blvd,Lake Blvd.
Pleasant_Valley_Ave,Pleasant Valley Ave.
Fallbrook_Dr,Fallbrook Dr.
RICHMOND_HIGH_SCHOOL,Richmond High School
East_Loop_Rd,East Loop Road
Viking_St,Viking St.
Auseon_Ave,Auseon Ave.
Head_Royce_School,Head Royce School
Harris_Ave,Harris Ave.
Technology_Dr,Technology Dr.
Union_Landing_Transit_Center,Union Landing Transit Center
Ralston_Ave,Ralston Ave.
Kennedy_Sr_High_School,Kennedy Sr High School
Edwards_Ave,Edwards Ave.
Bayview Church of the Nazerene,Bayview Church of the Nazerene
Oakland_Ave,Oakland Ave.
W._Mall_Pl,West Mall Pl.
Skyway_Ln,Skyway Lane
Kelly_St,Kelly St.
Sandy_Rd,Sandy Road
Republic_Ave,Republic Ave.
Hilltop_Park_and_Ride,Hilltop Park and Ride
Bywood_Dr,Bywood Dr.
Hall_Ave,Hall Ave.
Maddux_Dr,Maddux Dr.
Tennyson_Rd,Tennyson Road
No_1163,1163
Dunn_Ave,Dunn Ave.
W_Winton_Ave,West Winton Ave.
Downer_Ave,Downer Ave.
Woodland_Ave,Woodland Ave.
38th_Ave,38th Ave.
Yuba_Ave,Yuba Ave.
Nidus_Ct,Nidus Ct.
No_4630,4630
Bruce_St,Bruce St.
E_26th_St,East 26th St.
Harbor_Bay_Pkwy,Harbor Bay Parkway
Jean_Dr,Jean Dr.
Crestwood_St,Crestwood St.
Annapolis_St,Annapolis St.
Hilding_Ave,Hilding Ave.
Northport_Lp_E,Northport Loop East
Everett_Ave,Everett Ave.
Via_Sonora,Via Sonora
Clemens_Rd,Clemens Road
Pearl_St,Pearl St.
San_Antonio_Ave,San Antonio Ave.
No_900,900
Bergedo_Dr,Bergedo Dr.
No_20303,20303
Ohlone_College,Ohlone College
No_801,801
Elkgrove_Ct,Elkgrove Ct.
Paseo_Padre_Pkwy,Paseo Padre Parkway
Mission_Ct,Mission Ct.
35th_Ave,35th Ave.
Gaspar_Dr,Gaspar Dr.
Montgomery_St,Montgomery St.
Logan_Dr,Logan Dr.
Esparito_Ave,Esparito Ave.
Heartwood_Dr,Heartwood Dr.
Romagnolo_St,Romagnolo St.
16th_Ave,16th Ave.
Lakeside_Dr,Lakeside Dr.
Inglewood_St,Inglewood St.
La_Salle_Ave,La Salle Ave.
Merganser_Dr,Merganser Dr.
Arf_Ave,Arf Ave.
King_St,King St.
Madison_St,Madison St.
Contra_Costa_College,Contra Costa College
Wood_St,Wood St.
Lewis_Ave,Lewis Ave.
Rockrose_Dr,Rockrose Dr.
Royal_Ann_Dr,Royal Ann Dr.
Medallion_Dr,Medallion Dr.
Grant_St,Grant St.
SHERMAN_ST,Sherman St.
Norfolk St.,Norfolk St.
Tunnel_Rd,Tunnel Road
Durham_Rd,Durham Road
98th_Ave,98th Ave.
Dickens_Ave,Dickens Ave.
Belmont_Place,Belmont Pl.
Overacker_Ave,Overacker Ave.
Ingot_St,Ingot St.
D_Aveilla_Way,D'Avilla Way
10th_Ave,10th Ave.
E_7th_St,East 7th St.
W_MacArthur_Blvd,West MacArthur Blvd.
E_22nd_St,East 22nd St.
Woodcrest_Cir,Woodcrest Cir.
Cherokee_Ave,Cherokee Ave.
MAIN_LIBRARY,Main Library
Bishop_ODowd_High_School,Bishop O'Dowd High School
Crosswalk,Crosswalk
Carlton_Ave,Carlton Ave.
Flower_Ln,Flower Lane
Lido_Ct,Lido Ct.
39th_St,39th St.
Beale_Dr,Beale Dr.
Webster St,Webster St.
Central_Ave,Central Ave.
Plymouth_St,Plymouth St.
Christensen_Ln,Christensen Lane
Hansen_Rd,Hansen Road
Manor_Rd,Manor Road
No_378,378
Park_Ln,Park Lane
UPTOWN_TRANSIT_CENTER,Uptown Transit Center
Bonar_St,Bonar St.
Hampel_St,Hampel St.
S_55th_St,South 55th St.
Prime_Ave,Prime Ave.
Byron_St,Byron St.
Echo_Ave,Echo Ave.
S_36th_St,South 36th St.
Wall_Ave,Wall Ave.
HAYWARD BART,Hayward BART
Terrabella_Way,Terrabella Way
John_St,John St.
Benjamin_Dr,Benjamin Dr.
Cherry_Ln,Cherry Lane
N_Main_St,North Main St.
Regina_Ave,Regina Ave.
Santa_Rita_Rd,Santa Rita Road
Tacoma_Ave,Tacoma Ave.
CASTRO_VALLEY_BART,Castro Valley BART
Alameda_South_Shore_Center,Alameda South Shore Center
54th_St,54th St.
Dwight_Way,Dwight Way
23rd_St,23rd St.
Hilltop_Mall,Hilltop Mall
Sayre_Dr,Sayre Dr.
Sea_Cloud_Ave,Sea Cloud Ave.
Madera_Dr,Madera Dr.
High_St,High Street
FRUITVALE_BART,Fruitvale BART
Alvarado_St,Alvarado St.
Quigley_St,Quigley St.
Thousand_Oaks_Blvd,Thousand Oaks Blvd.
FREMONT BART,Fremont BART
Bayview_Ave,Bayview Ave.
Estates_Dr,Estates Dr.
68th_Ave,68th Ave.
Park_Ave_W,Park Ave. West
Fredi_St,Fredi St.
Hopkins_Pl,Hopkins Pl.
Orral_St,Orral St.
Sunset_Ln,Sunset Lane
Argonaut_Way,Argonaut Way
Jasmine_Ave,Jasmine Ave.
103rd_Ave,103rd Avenue
W_Hillsdale_Blvd,West Hillsdale Blvd.
Sandringham_Rd,Sandringham Road
Canyon_View_Ct,Canyon View Ct.
Lexford_Rd,Lexford Road
150th_Ave,150th Ave.
Camden_St,Camden St.
"southeast intersection,Bret_Harte_Lane",southeast intersection; Bret Harte Lane
Santa_Maria_Dr,Santa Maria Dr.
Stauffer_Pl,Stauffer Pl.
EL_CERRITO_HIGH_SCHOOL,El Cerrito High School
Ratekin_Dr,Ratekin Dr.
HIGHWAY_92,Highway 92
Via_San_Dimas,Via San Dimas
Canal_Blvd,Canal Blvd.
Corrine_St,Corrine St.
Craig_Ave,Craig Ave.
Quarry_Rd,Quarry Road
Louette_Ct,Louette Ct.
Gibraltar_Dr,Gibraltar Dr.
Ferry_Point,Ferry Point
1st_Ave_Pl,1st Ave. Pl.
No_551,551
Alvarado_Blvd,Alvarado Blvd.
Crockett_Pl,Crockett Pl.
Union_City_BART,Union City BART
Palm_Ave,Palm Ave.
153RD_AVE,153rd Ave.
No_5000,5000
Culver_St,Culver St.
Campus_Dr,Campus Dr.
Ashby_Ave,Ashby Ave.
Mariner_Sq_Loop,Mariner Square Loop
Wind_River_Way,Wind River Way
Road_A,Road A
Road_B,Road B
HARBOR_BAY_FERRY_TERMINAL,Harbor Bay Ferry Terminal
NORTH_LOOP_ROAD,North Loop Road
SOUTH_LOOP_ROAD,South Loop Road
SOUTH_SHORE_CENTER,South Shore Center
Bayside_Common_Condominiums,Bayside Common Condominiums
Ina Coolbrith Path,Ina Coolbrith Path
Boscell Road,Boscell Road
BOYCE RD,Boyce Road
CALIFORNIA_SCHOOL_FOR_THE_DEAF,California School for the Deaf
Recreation and Wellness Center,Recreation and Wellness Center
The Bridge Apartments,The Bridge Apartments
AC_Transit_Training_Center,AC Transit Training and Education Center
Fruitvale Park and Ride,Fruitvale Park and Ride
High St. Park and Ride,High St. Park and Ride
John George Psychiatric Hospital,John George Psychiatric Hospital
Placer Dr.,Placer Dr.
Hillcrest Knolls Park,Hillcrest Knolls Park
Jo-Lin Ct.,Jo-Lin Ct.
Old Warm Springs Blvd.,Old Warm Springs Blvd.
OAKLAND_MAIN_POST_OFFICE,Oakland Main Post Office
Gateway_Ave,Gateway Ave.
FREMONT_HIGH_SCHOOL,Fremont High School
Bella Vista,Bella Vista
Perkins Way Path,Perkins Way Path
KENNEDY_HIGH_SCHOOL,Kennedy High School
Glen_Ave,Glenn Ave.
Old_Hilary_Rd,Old Hillary Road
Student and Faculty Support Building,Student and Faculty Support Building
Lakeview Blvd.,Lakeview Blvd.
Horner_Middle_School,Horner Middle School
THORNTON_JUNIOR_HIGH_SCHOOL,Thornton Junior High School
Newark_Jr_High_School,Newark Junior High School
Wattling St.,Wattling St.
Betty Reid Soskin Middle School,Betty Reid Soskin Middle School
Silvercrest Residence,Silvercrest Residence
Colina Way,Colina Way
Luna Lane,Luna Lane
Mt. Eden Business Park,Mt. Eden Business Park
Fawn Meadow Lane,Fawn Meadow Lane
The Mark,The Mark
Vita Apartments,Vita Apartments
Connecticut Ave.,Connecticut Ave.
Palm View Apartments,Palm View Apartments
CAPITOL_AVE,Capitol Ave.
Creek View Apartments,Creek View Apartments
Creekside Terrace Apartments,Creekside Terrace Apartments
Dorothy Bolte Park,Dorothy Bolte Park
Golden Gate Ave.,Golden Gate Ave.
No_21325,21325
Bret Harte Way,Bret Harte Way
Stivers St.,Stivers St.
India Community Center,India Community Center
Blackwood St.,Blackwood St.
No_40580,40580
FRICK_MIDDLE_SCHOOL,Frick Middle School
PATTERSON RANCH ROAD,Patterson Ranch Road
West Avenue 133rd,West Ave. 133rd
West Avenue 135th,West Ave. 135th
Monroe_Ave,Monroe Ave.
Ohlone_College-Key_D,"Ohlone College, Key D"
Ohlone_College-Key_C,"Ohlone College, Key C"
Park Boulevard Manor,Park Boulevard Manor
AC Transit East Oakland Division,AC Transit East Oakland Division
Firestorm Memorial Garden,Firestorm Memorial Garden
MISSION_SAN_JOSE_HIGH_SCHOOL,Mission San Jose High School
MAPLE_ST,Maple St.
HAMMOND_AV,Hammond Ave.
Mt. Eden High School,Mt. Eden High School
GEORGIAN_MANOR,Georgian Manor
Kensington_Liby.,Kensington Library
CALIFORNIA_SCHOOL_FOR_THE_BLIND,California School for the Blind
HAYWARD_AMTRAK,Hayward Amtrak
No_1201,1201
No_1250,1250
No_702,702
No_3905,3905
Adams Junior High School,Adams Junior High School
KAISER_HOSPITAL,Kaiser Hospital
TONE_5,-
1,1
6,6
7,7
B,B
C,C
E,E
F,F
G,G
H,H
J,J
L,L
M,M
O,O
P,P
S,S
U,U
V,V
W,W
Z,Z
10,10
11,11
14,14
18,18
19,19
1,1T
20,20
21,21
22,22
26,26
28,28
29,29
31,31
32,32
33,33
34,34
35,35
36,36
37,37
39,39
40,40
41,41
45,45
46,46
47,47
48,48
52,52
54,54
56,56
57,57
60,60
62,62
67,67
70,70
71,71
72,72
73,73
74,74
75,75
76,76
78,78
79,79
80,80
81,81
83,83
85,85
86,86
88,88
89,89
90,90
93,93
94,94
95,95
96,96
97,97
98,98
99,99
CB,CB
FS,FS
LA,LA
LC,LC
NL,NL
OX,OX
SB,SB
200,200
210,210
212,212
215,215
216,216
217,217
232,232
239,239
251,251
275,275
314,314
339,339
356,356
376,376
386,386
448,448
46L,46L
51A,51A
51B,51B
58L,58L
604,604
605,605
606,606
607,607
611,611
614,614
617,617
618,618
620,620
621,621
623,623
624,624
625,625
626,626
628,628
629,629
632,632
638,638
641,641
642,642
643,643
646,646
648,648
649,649
652,652
653,653
654,654
655,655
657,657
658,658
660,660
662,662
663,663
667,667
668,668
669,669
671,671
672,672
675,675
676,676
677,677
679,679
680,680
681,681
682,682
684,684
687,687
688,688
691,691
696,696
701,701
702,702
703,703
704,704
705,705
706,706
707,707
710,710
72R,72R
800,800
801,801
802,802
805,805
840,840
851,851
BF3,BF3
BSD,BSD
BSN,BSN
NX1,NX1
NX2,NX2
NX3,NX3
NX4,NX4
NXC,NXC
RICHMOND,RICHMOND
APPIAN WAY,APPIAN WAY
EUCLID  SENIOR LOOP  GRIZZLY PEAK  ,SENIOR LOOP
U.C. CAMPUS,U.C. CAMPUS
CSU EAST BAY,CSU EAST BAY
FREMONT BART,FREMONT BART
TO HUDSON ST,TO HUDSON ST
U.C. VILLAGE,U.C. VILLAGE
ALAMEDA POINT,ALAMEDA POINT
OHLONE NEWARK,OHLONE NEWARK
SAN FRANCISCO,SAN FRANCISCO
HESPERIAN  WINTON AVE    ,TO WINTON AVE
UNION LANDING,UNION LANDING
DEL NORTE BART,DEL NORTE BART
BAY FARM ISLAND,BAY FARM ISLAND
OAKLAND AIRPORT,OAKLAND AIRPORT
PACIFIC COMMONS,PACIFIC COMMONS
SILLIMAN CENTER,SILLIMAN CENTER
SPRUCE  TO GRIZZLY PEAK  OXFORD  ,GRIZZLY PEAK BLVD
CASTRO VALLEY FLEX,CASTRO VALLEY FLEX
CHABOT SCIENCE CTR,CHABOT SCIENCE CTR
South Hayward BART Station,SOUTH HAYWARD BART
OAKLAND TRESTLE GLEN,OAKLAND TRESTLE GLEN
HAYWARD_BART_VIA_A_ST,HAYWARD BART VIA A ST
LINCOLN MIDDLE SCHOOL,LINCOLN MIDDLE SCHOOL
MONTERA MIDDLE SCHOOL,MONTERA MIDDLE SCHOOL
OAKLAND TECHNICAL HIGH,OAKLAND TECHNICAL HIGH
ALAMEDA  BAY FARM ISLAND    ,ALAMEDA BAY FARM ISLAND
BERKELEY  VIA SACRAMENTO    ,BERKELEY VIA SACRAMENTO
EASTMONT  TRANSIT CENTER    ,EASTMONT TRANSIT CENTER
LIDO FAIRE VIA CEDAR BL,LIDO FAIRE VIA CEDAR BL
PIEDMONT  VIA EMERYVILLE    ,PIEDMONT VIA EMERYVILLE
C C COLLEGE VIA MAY ROAD,C C COLLEGE VIA MAY ROAD
LIDO FAIRE VIA NEWARK BL,LIDO FAIRE VIA NEWARK BL
NORTHWESTERN POLYTECHNIC,NORTHWESTERN POLYTECHNIC
SKYLINE BL AND TUNNEL RD,SKYLINE BL AND TUNNEL RD
SKYLINE HIGH SEQUOYAH RD,SKYLINE HIGH SEQUOYAH RD
BERKELEY BART VIA ADELINE,BERKELEY BART VIA ADELINE
DE ANZA HIGH VIA FAIRMEDE,DE ANZA HIGH VIA FAIRMEDE
MONTCLAIR MORAGA & MEDAU,MONTCLAIR VIA MOUNTAIN BL
SKYLINE HIGH MACARTHUR BLVD,SKYLINE HIGH MACARTHUR BL
SKYLINE_HIGH_VIA_35TH_AVE,SKYLINE HIGH VIA 35TH AVE
SPRUCE  TILDEN PARK  OXFORD  ,SPRUCE TILDEN PARK OXFORD
STANFORD EXP  FREMONT BART    ,STANFORD EXP FREMONT BART
BERKELEY MARINA  VIA 4TH ST    ,BERKELEY MARINA VIA 4TH ST
GRASS VALLEY GOLF LINKS RD,GRASS VALLEY GOLF LINKS RD
HAYWARD BART  CASTRO VALLEY    ,HAYWARD BART CASTRO VALLEY
BAY FAIR BART  CASTRO VALLEY    ,BAY FAIR BART CASTRO VALLEY
CRESPI MDL SCL VIA FAIRMEDE,CRESPI MDL SCL VIA FAIRMEDE
CRESPI MDL SCL VIA MAY ROAD,CRESPI MDL SCL VIA MAY ROAD
HAYWARD_BART_VIA_WHITMAN_ST,HAYWARD BART VIA WHITMAN ST
OAKLAND ZOO  VIA 82ND AVENUE    ,OAKLAND ZOO VIA 82ND AVENUE
ALAMEDA HIGH VIA ENCINAL AVE,ALAMEDA HIGH VIA ENCINAL AVE
C C COLLEGE VIA LANCASTER DR,C C COLLEGE VIA LANCASTER DR
EAST ALAMEDA TO BLANDING AVE,EAST ALAMEDA TO BLANDING AVE
FRUITVALE BART  FRUITVALE AVE    ,FRUITVALE BART FRUITVALE AVE
REDWOOD ROAD & MOUNTAIN BLVD,REDWOOD ROAD & MOUNTAIN BLVD
RICHMOND HIGH VIA N RICHMOND,RICHMOND HIGH VIA N RICHMOND
CHABOT_COLLEGE_VIA_WINTON_AVE,CHABOT COLLEGE VIA WINTON AVE
COLISEUM BART  VIA 82ND AVENUE    ,COLISEUM BART VIA 82ND AVENUE
COMMUNITY DAY SCH VIA HIGH ST,COMMUNITY DAY SCH VIA HIGH ST
ENCINAL HIGH VIA ALAMEDA HIGH,ENCINAL HIGH VIA ALAMEDA HIGH
HAYWARD_BART_VIA_MEEKLAND_AVE,HAYWARD BART VIA MEEKLAND AVE
RICHMOND_BART_VIA_23RD_STREET,RICHMOND BART VIA 23RD STREET
PASEO PADRE TO DURHAM RD,TO DURHAM RD PASEO PADRE PKWY
BAY_FAIR_BART_VIA_PASEO_GRANDE,BAY FAIR BART VIA PASEO GRANDE
BISHOP O'DOWD HI VIA MONTCLAIR,BISHOP O'DOWD HI VIA MONTCLAIR
BROADWAY TERRACE  MOUNTAIN BLVD    ,BROADWAY TERRACE MOUNTAIN BLVD
DE JEAN MDL SCl VIA CUTTING BL,DE JEAN MDL SCl VIA CUTTING BL
RICHMOND BART VIA ARLINGTON BL,RICHMOND BART VIA ARLINGTON BL
UNION_LANDING_VIA_HUNTWOOD_AVE,UNION LANDING VIA HUNTWOOD AVE
BAY FARM ISLAND VIA ENCINAL AVE,BAY FARM ISLAND VIA ENCINAL AVE
E C PLAZA BART  VIA CARLSON BLVD    ,E C PLAZA BART VIA CARLSON BLVD
HAYWARD_BART_VIA_CENTER_ST,HAYWARD BART VIA CENTER ST B ST
LANDING_PKWY_VIA_NORTHPORT_LOOP,LANDING PKWY VIA NORTHPORT LOOP
MACDONALD & 21ST VIA CUTTING BL,MACDONALD & 21ST VIA CUTTING BL
MEMORIAL HIGH SCL VIA CHERRY ST,MEMORIAL HIGH SCL VIA CHERRY ST
MONTERA MIDDLE SCHOOL,MONTERA MDL SCL VIA MOUNTAIN BL
MONTERA_MIDDLE_SCHOOL_VIA_SEQUOYAH_RD,MONTERA MDL SCL VIA SEQUOYAH RD
OHLONE COLLEGE  VIA FREMONT BLVD    ,OHLONE COLLEGE VIA FREMONT BLVD
RICHMOND PKWY TC  VIA APPIAN WAY    ,RICHMOND PKWY TC VIA APPIAN WAY
BAY_FAIR_BART_VIA_LEWELLING_BLVD,BAY FAIR BART VIA LEWELLING BLVD
CLAREMONT DISTRICT  VIA ASHBY AVE    ,CLAREMONT DISTRICT VIA ASHBY AVE
EL CERRITO HIGH VIA ARLINGTON BL,EL CERRITO HIGH VIA ARLINGTON BL
LAKE MERITT BART  VIA MLK JR WAY    ,LAKE MERRITT BART VIA MLK JR WAY
MEMORIAL HIGH SCL VIA CEDAR BLVD,MEMORIAL HIGH SCL VIA CEDAR BLVD
"SAN FRANCISCO,EARLY_BIRD_EXPRESS",SAN FRANCISCO EARLY BIRD EXPRESS
SANLEANDRO_BART_VIA_ALVARADO_ST,SAN LEANDRO BART VIA ALVARADO ST
ST MARY'S HIGH VIA SACRAMENTO ST,ST MARY'S HIGH VIA SACRAMENTO ST
TO LAKESHORE AV VIA MACARTHUR BL,TO LAKESHORE AV VIA MACARTHUR BL
CEDAR BLVD TO STEVENSON BLVD,TO STEVENSON BLVD VIA CEDAR BLVD
WEST OAKLAND BART  VIA ADELINE ST    ,WEST OAKLAND BART VIA ADELINE ST
40TH & SAN PABLO VIA MACARTHUR BL,40TH & SAN PABLO VIA MACARTHUR BL
73RD & INTERNATIONAL MACARTHUR BLVD,73RD & INTERNATIONAL MACARTHUR BL
SAN PABLO AV  ALLNIGHTER  3RDUNIVERSITY  ,BERKELEY AMTRAK VIA SAN PABLO AVE
CLAWITER RD  A STREET  HAYWARD BART  ,CLAWITER RD A STREET HAYWARD BART
FOOTHILL_SQUARE_VIA_ESTUDILLO_AVE,FOOTHILL SQUARE VIA ESTUDILLO AVE
MARINA BAY  VIA 23RD STREET    ,MARINA BAY  FERRY VIA 23RD STREET
Skyline_High_School,SKYLINE HIGH SCHOOL VIA MONTCLAIR
UPTOWN_OAKLAND_INTERNATIONAL_BLVD,UPTOWN OAKLAND INTERNATIONAL BLVD
BERKELEY MARINA VIA UNIVERSITY AVENUE,BERKELEY MARINA VIA UNIVERSITY AVE
FRUITVALE BART VIA SANTA CLARA AVE,FRUITVALE BART VIA SANTA CLARA AVE
COLISEUM BART  VIA 90TH AVE  85TH AVE  ,COLISEUM BART VIA 90TH AVE 85TH AVE
MONTCLAIR VIA SNAKE RD TO COLTON BL,MONTCLAIR VIA SNAKE RD TO COLTON BL
PIEDMONT VIA MANDANA BL CROCKER AVE,PIEDMONT VIA MANDANA BL CROCKER AVE
ARDENWOOD & COMMERCE VIA PASEO PADRE,ARDENWOOD & COMMERCE VIA PASEO PADRE
C C COLLEGE VIA FAIRMEDE MOYERS ROAD,C C COLLEGE VIA FAIRMEDE MOYERS ROAD
CASTRO_VALLEY_BART_VIA_CENTER_CENTER,CASTRO VALLEY BART VIA CENTER CENTER
EL CERRITO PLAZA BART  VIA COLUSA AVE    ,EL CERRITO PLAZA BART VIA COLUSA AVE
JUVENILE_JUSTICE_CENTER_VIA_BAY_FAIR_BART,JUV JUSTICE CENTER VIA BAY FAIR BART
"MACARTHUR,Seminary_Ave",MACARTHUR LAKESHORE AVE SEMINARY AVE
MEMORIAL HIGH SCHOOL VIA NEWARK BLVD,MEMORIAL HIGH SCHOOL VIA NEWARK BLVD
Skyline_High_School,SKYLINE HIGH SCHOOL VIA COOLIDGE AVE
WEST ALAMEDA ENCINAL AVE ISLAND HIGH,WEST ALAMEDA ENCINAL AVE ISLAND HIGH
COLISEUM BART VIA KELLER AVE 82ND AVE,COLISEUM BART VIA KELLER AVE 82ND AVE
LIDO FAIRE VIA CHERRY ST HALEY STREET,LIDO FAIRE VIA CHERRY ST HALEY STREET
SKYLINE HIGH VIA 90TH AVE SEQUOYAH RD,SKYLINE HIGH VIA 90TH AVE SEQUOYAH RD
HESPERIAN  UNION CITY BART  ALVARADONILES RD  ,UNION CITY BART VIA ALVARADO-NILES RD
UPTOWN_OAKLAND_INTERNATIONAL_BLVD,UPTOWN OAKLAND VIA INTERNATIONAL BLVD
WINTON AVE  SOUTHLAND MALL  MACK STREET  ,WINTON AVE SOUTHLAND MALL MACK STREET
MONTERA MIDDLE SCHOOL VIA LEIMERT BLVD MOUNTAIN BLVD,MONTERA MIDDLE SCHOOL VIA LEIMERT BLVD
WINTON AVE  SOUTHLAND MALL  HAYWARD BART  ,WINTON AVE SOUTHLAND MALL HAYWARD BART
CLAWITER RD  TENNYSON RD  SO HAYWARD BART  ,CLAWITER RD TENNYSON RD SO HAYWARD BART
COLISEUM BART VIA MACARTHUR BL 73RD AVE,COLISEUM BART VIA MACARTHUR BL 73RD AVE
SAN LEANDRO BART INTERNATIONAL BLVD,SAN LEANDRO BART VIA INTERNATIONAL BLVD
SOUTH SHORE CENTER  VIA HEGENBERGER ROAD    ,SOUTH SHORE CENTER VIA HEGENBERGER ROAD
CALEDCOTT LANE  VIA CLAREMONT AVE  TUNNEL ROAD  ,CALDECOTT LANVIA CLAREMONT AVTUNNEL ROAD
COLISEUM BART  VIA 82ND AVE  LIMITED STOPS  ,COLISEUM BART VIA 82ND AVE LIMITED STOPS
DE ANZA HIGH CRESPI MDL SCL VIA FAIRMEDE,DE ANZA HIGH SOSKIN MDL SCL VIA FAIRMEDE
SKYLINE HIGH VIA 82ND AVE KELLER AVE,SKYLINE HIGH VIA 82ND AVE 636 KELLER AVE
GRAND & MACARTHUR VIA ROCKRIDGE MONTCLAIR,GRAND & MACARTHUR VIA ROCKRIDGE MONTCLAIR
"MacArthur_Blvd,&,Broadway",MACARTHUR AND BROADWAY VIA MACARTHUR BLVD
NORTH BERK BART VIA ASHBY AVE COLLEGE AVE,NORTH BERK BART VIA ASHBY AVE COLLEGE AVE
SEAPLANE LAGOON FERRY VIA SANTA CLARA AVE,SEAPLANE LAGOON FERRY VIA SANTA CLARA AVE
NILES BLVD TO EL PORTAL AVE VIA MOWRY AVE,TO EL PORTAL AVE VIA NILES BLVD MOWRY AVE
FRUITVALE BART VIA ALAMEDA SANTA CLARA AVE,FRUITVALE BART VIA ALAMEDA SANTA CLARA AVE
HORNER JR HGH IRVINGTON HIGH VIA DURHAM RD,HORNER JR HGH IRVINGTON HIGH VIA DURHAM RD
LEROY HEIGHTS VIA HILLTOP GREEN HILLTOP DR,LEROY HEIGHTS VIA HILLTOP GREEN HILLTOP DR
NEWARK JR HI VIA CEDAR BLVD CENTRAL AVENUE,NEWARK JR HI VIA CEDAR BLVD CENTRAL AVENUE
OAKLAND TECH OAKLAND HIGH VIA MACARTHUR BL,OAKLAND TECH OAKLAND HIGH VIA MACARTHUR BL
CRESPI MDL SCL DE ANZA HIGH VIA S P,SOSKIN MDL SCL DE ANZA HIGH VIA S P DAM RD
BDWY & 40TH ST VIA MONTCLAIR BROADWAY TERR.,BDWY & 40TH ST VIA MONTCLAIR BROADWAY TERR.
MTN. BLVD & GOLF LINKS ROAD  VIA 82ND AVENUE    ,MTN. BLVD & GOLF LINKS ROAD VIA 82ND AVENUE
CRESPI MDL SCL VIA HILLTOP DR HILLTOP GREEN,SOSKIN MDL SCL VIA HILLTOP DR HILLTOP GREEN
GRASS VALLEY  VIA GOLF LINKS RD  LIMITED STOPS  ,GRASS VALLEY VIA GOLF LINKS RD LIMITED STOPS
MACD & RICH. PKWY VIA CUTTING BL HARBOUR WAY,MACD & RICH. PKWY VIA CUTTING BL HARBOUR WAY
MACDONALD & 21ST VIA CARLSON BL VIA FAIRMEDE,MACDONALD & 21ST VIA CARLSON BL VIA FAIRMEDE
90TH AVENUE TO INTERNATIONAL BL SEQUOYAH ROAD,90TH AVENUE TO INTERNATIONAL BL SEQUOYAH ROAD
C C COLLEGE VIA CARRIAGE HILLS S PABLO DAM,C C COLLEGE VIA CARRIAGE HILLS S PABLO DAM RD
DE ANZA HIGH CRESPI MDL SCL VIA BIRMINGHAM DR,DE ANZA HIGH SOSKIN MDL SCL VIA BIRMINGHAM DR
TO GRIMMER BLVD MISSION BLVD MISSION SAN JOSE,TO GRIMMER BLVD MISSION BLVD MISSION SAN JOSE
TO MAY ROAD VIA CARRIAGE HILLS S PABLO DAM,TO MAY ROAD VIA CARRIAGE HILLS S PABLO DAM RD
AMERICAN HIGH THORNTON JR HIGH VIA PASEO PADRE,AMERICAN HIGH THORNTON JR HIGH VIA PASEO PADRE
CASTRO VALLEY  VIA FRUITVALE AVE  MACARTHUR BLVD  ,CASTRO VALLEY VIA FRUITVALE AVE MACARTHUR BLVD
NORTH RICHMOND TO 6TH-MARKET VIA MACDONALD AVE,NORTH RICHMOND TO 6TH-MARKET VIA MACDONALD AVE
EAST OAKLAND  MACAR & E.C. REEMS  VIA HEGENBERGER  ,EAST OAKLAND MACAR & E.C. REEMS VIA HEGENBERGER
HILLTOP GREEN  VIA RICHMOND PKWY T C  HILLTOP P&R  ,HILLTOP GREEN VIA RICHMOND PKWY T C HILLTOP P&R
RICHMOND BART  VIA SAN PABLO DAM RD  RHEEM AVENUE  ,RICHMOND BART VIA SAN PABLO DAM RD RHEEM AVENUE
RUDSDALE HIGH KING ESTATES COMPLEX VIA 82ND AVE,RUDSDALE HIGH KING ESTATES COMPLEX VIA 82ND AVE
KOREMATSU MDL SCL EL CERRITO HIGH VIA CARLSON BL,KOREMATSU MDL SCL EL CERRITO HIGH VIA CARLSON BL
KOREMATSU MDL SCL EL CERRITO HIGH VIA CUTTING BL,KOREMATSU MDL SCL EL CERRITO HIGH VIA CUTTING BL
"19TH_ST_BART,EARLY_BIRD_EXPRESS",19TH ST BART EARLY BIRD EXPRESS VIA BAY FAIR BART
"FREMONT BART,EARLY_BIRD_EXPRESS",FREMONT BART EARLY BIRD EXPRESS VIA BAY FAIR BART
HILLTOP PARK & RIDE  VIA SAN PABLO AVE  EL PORTAL DR  ,HILLTOP PARK & RIDE VIA SAN PABLO AVE EL PORTAL DR
CASTRO RANCH RD  VIA SAN PABLO DAM RD  VALLEY VIEW RD  ,CASTRO RANCH RD VIA SAN PABLO DAM RD VALLEY VIEW RD
"HEAD-ROYCE SCL ROCKRIDGE VIA COLLEGE PREP,MONTCLAIR_PARK",HEAD-ROYCE SCL ROCKRIDGE VIA COLLEGE PREP MONTCLAIR
KOREMATSU MDL SCL EL CERRITO HIGH VIA MACDONALD AVE,KOREMATSU MDL SCL EL CERRITO HIGH VIA MACDONALD AVE
"Seminary_Ave,International_Blvd,Leimert_Blvd",SEMINARY AVE TO INTERNATIONAL BLVD VIA LEIMERT BLVD
RICHMOND PARKWAY TC VIA C C COLLEGE BIRMINGHAM DRIVE,RICHMOND PARKWAY TC VIA C C COLLEGE BIRMINGHAM DRIVE
BERKELEY BART  VIA MARKET STREET  SACRAMENTO STREET  ,DOWNTOWN BERKELEY VIA MARKET STREET SACRAMENTO STREET
BERKELEY_BART_VIA_MONTCLAIR_ROCKRIDGE_COLLEGE_AVE,DOWNTOWN BERKELEY VIA MONTCLAIR ROCKRIDGE COLLEGE AVE
WASHINGTON HIGH SCHOOL CENTERVILLE JR HIGH VIA MOWRY AVE,WASHINGTON HIGH SCHOOL CENTERVILLE JR HI VIA MOWRY AVE
CASTRO VALLEY  SAN LEANDRO  7 HILLS ROAD  C.V. PARK & RIDE,CASTRO VALLEY SAN LEANDRO 7 HILLS ROAD C.V. PARK & RIDE
EL CERRITO  BARRETT & SAN PABLO  VIA GILMAN  VIA ARLINGTON,EL CERRITO BARRETT & SAN PABLO VIA GILMAN VIA ARLINGTON
SAN FRANCISCO  MACARTHUR BLVD  GRAND AVENUE  LIMITED STOPS,SAN FRANCISCO MACARTHUR BLVD GRAND AVENUE LIMITED STOPS
CLOCKWISE  HAYWARD BART  CHERRYLAND ASHLAND  CASTRO VALLEY,"CLOCKWISE HAYWARD BART CHERRYLAND, ASHLAND CASTRO VALLEY"
CLOCKWISE  HAYWARD BART  WHITMAN UNDERWOOD  COUNTY OFFICES,"CLOCKWISE HAYWARD BART WHITMAN, UNDERWOOD COUNTY OFFICES"
"SKYLINE HIGH SCHOOL VIA HILLMONT DR GREENLY DR,Keller_Ave",SKYLINE HIGH SCHOOL VIA HILLMONT DR GREENLY DR KELLER AVE
STANFORD EXP  STANFORD SHOP CTR  STANFORD MED  STANFORD OVAL,STANFORD EXP STANFORD SHOP CTR STANFORD MED STANFORD OVAL
CLOCKWISE  HAYWARD BART  MISSION TENNYSON  HESPERIAN WINTON,"CLOCKWISE HAYWARD BART MISSION, TENNYSON HESPERIAN, WINTON"
COUNTERCLOCKWISE  HAYWARD BART  MISSION S.L.  VILLAGE MEEKLAND,"COUNTERCLOCKWISE HAYWARD BART MISSION, S.L. VILLAGE MEEKLAND"
HOPKINS JR HIGH MISSION BLVD MISSION SAN JOSE,HOPKINS JR HIGH MISSION BLVD MISSION SAN JOSE TO DRISCOLL RD
COUNTERCLOCKWISE  HAYWARD BART  CASTRO VALLEY  ASHLAND CHERRYLAND,"COUNTERCLOCKWISE HAYWARD BART CASTRO VALLEY ASHLAND, CHERRYLAND"
COUNTERCLOCKWISE  HAYWARD BART  COUNTY OFFICES  UNDERWOOD WHITMAN,"COUNTERCLOCKWISE HAYWARD BART COUNTY OFFICES UNDERWOOD, WHITMAN"
SEMINARY AVE TO INTERNATIONAL BLVD KELLER AVE,SEMINARY AVE TO INTERNATIONAL BLVD KELLER AVE MONTE VISTA & MTN
COUNTERCLOCKWISE  HAYWARD BART  WINTON HESPERIAN  TENNYSON MISSION,"COUNTERCLOCKWISE HAYWARD BART WINTON, HESPERIAN TENNYSON, MISSION"
COUNTERCLOCKWISE  SAN LEANDRO BART  DAVIS BAY FAIR  JUVENILE COMPLEX,"COUNTERCLOCKWISE SAN LEANDRO BART DAVIS, BAY FAIR JUVENILE COMPLEX"
"SEMINARY AVE TO INTERNATIONAL BLVD KELLER AVE,Monte_Vista_Ave,&,Mountain_Blvd",SEMINARY AVE TO INTERNATIONAL BLVD KELLER AVE MONTE VISTA & MOUNTAIN
12,12
49,49
65,65
NX,NX
631,631
650,650
651,651
72M,72M
FairView,FAIRVIEW
HAYWARD BART,HAYWARD BART
HILLTOP MALL,HILLTOP MALL
MAXWELL PARK,MAXWELL PARK
Lawrence_Hall_Of_Science,LAWRENCE HALL
FRUITVALE_BART,FRUITVALE BART
NOT IN SERVICE,NOT IN SERVICE
UNION CITY BART,UNION CITY BART
ALAMEDA  OTIS/HIGH    ,ALAMEDA OTIS/HIGH
ALBANY SOLANO AVE,ALBANY SOLANO AVE
Downtown_Berkeley,DOWNTOWN BERKELEY
WEST OAKLAND BART,WEST OAKLAND  BART
EL CERRITO VIA ALBANY,EL CERRITO VIA ALBANY
COLISEUM BART 82ND AVE,COLISEUM BART 82ND AVE
HAYWARD BART WINTON AVE,HAYWARD BART WINTON AVE
MONTCLAIR VIA PARK BLVD,MONTCLAIR VIA PARK BLVD
NEWPARK MALL CEDAR BLVD,NEWPARK MALL CEDAR BLVD
PIEDMONT VIA OAKLAND AVE,PIEDMONT VIA OAKLAND AVE
"SAN FRANCISCO,TRANSBAY",SAN FRANCISCO [TRANSBAY]
SKYLINE HIGH VIA HIGH ST,SKYLINE HIGH VIA HIGH ST
UC_CAMPUS_VIA_DWIGHT_WAY,UC CAMPUS VIA DWIGHT WAY
WEST OAKLAND POST OFFICE,WEST OAKLAND POST OFFICE
FREMONT BART FREMONT BLVD,FREMONT BART FREMONT BLVD
HAYWARD BART MISSION BLVD,HAYWARD BART MISSION BLVD
KATO RD VIA DIXON LANDING,KATO RD VIA DIXON LANDING
BRIDGESIDE SHOPPING CENTER,BRIDGESIDE SHOPPING CENTER
"Fruitvale BART,via Alameda",FRUITVALE BART VIA ALAMEDA
FRUITVALE_BART_VIA_HIGH_ST,FRUITVALE BART VIA HIGH ST
RICHMOND SAN PABLO EL PORTAL,RICHMOND SAN PABLO EPORTAL
TO MACK ST ONLY WINTON AVE,TO MACK ST ONLY WINTON AVE
FRUITVALE BART VIA 35TH AVE,FRUITVALE BART VIA 35TH AVE
DIMOND DISTRICT VIA 14TH AVENUE,DIMOND DISTRICT VIA 14TH AVE
DOWNTOWN_OAKLAND_ALL-NIGHTER,DOWNTOWN OAKLAND ALL-NIGHTER
DOWNTOWN_OAKLAND_VIA_ALAMEDA,DOWNTOWN OAKLAND VIA ALAMEDA
FREMONT BART VIA OSGOOD ROAD,FREMONT BART VIA OSGOOD ROAD
HEGENBERGER ROAD & EDGEWATER,HEGENBERGER ROAD & EDGEWATER
MERRITT_COLLEGE_VIA_35TH_AVE,MERRITT COLLEGE VIA 35TH AVE
MONTERA MDL SCL VIA 35TH AVE,MONTERA MDL SCL VIA 35TH AVE
PINOLE VISTA SHOPPING CENTER,PINOLE VISTA SHOPPING CENTER
TO 45TH ST VIA SAN PABLO AVE,TO 45TH ST VIA SAN PABLO AVE
WEST BERKELEY VIA EMERYVILLE,WEST BERKELEY VIA EMERYVILLE
C C COLLEGE VIA SAN PABLO AVE,C C COLLEGE VIA SAN PABLO AVE
FOOTHILL_SQUARE_VIA_104TH_AVE,FOOTHILL SQUARE VIA 104TH AVE
FREMONT BART VIA FREMONT BLVD,FREMONT BART VIA FREMONT BLVD
FREMONT BART VIA GRIMMER BLVD,FREMONT BART VIA GRIMMER BLVD
LAKESHORE_AVETO_MANDANA_BLVD,LAKESHORE AVE TO MANDANA BLVD
MACARTHUR LAKESHORE FRUITVALE,MACARTHUR LAKESHORE FRUITVALE
WEST OAKLAND BART VIA 14TH ST,WEST OAKLAND BART VIA 14TH ST
BERKELEY UC CAMPUS VIA ADELINE,BERKELEY UC CAMPUS VIA ADELINE
DOWNTOWN OAKLAND TELEGRAPH AVE,DOWNTOWN OAKLAND TELEGRAPH AVE
FRUITVALE_BART_VIA_HIGH_STREET,FRUITVALE BART VIA HIGH STREET
HILLTOP MALL VIA SAN PABLO AVE,HILLTOP MALL VIA SAN PABLO AVE
LAKESHORE_AVETO_LAKE_PARK_AVE,LAKESHORE AVE TO LAKE PARK AVE
LAKESHORE_AVETO_WALAVISTA_AVE,LAKESHORE AVE TO WALAVISTA AVE
ROCKRIDGE BART VIA COLLEGE AVE,ROCKRIDGE BART VIA COLLEGE AVE
UNION LANDING VIA FREMONT BLVD,UNION LANDING VIA FREMONT BLVD
"19TH_ST_BART,EARLY_BIRD_EXPRESS",19TH ST BART EARLY BIRD EXPRESS
"Bishop_ODowd_High_School,MacArthur_Blvd",BISHOP O'DOWD HI MACARTHUR BLVD
"Downtown_Berkeley_BART,Telegraph_Ave",DOWNTOWN BERKELEY TELEGRAPH AVE
HAYWARD__HESPERIAN__TO_WINTON_AVENUE,HAYWARD HESPERIAN TO WINTON AVE
HEAD-ROYCE_SCHOOL_VIA_MANDANA_BLVD,HEAD-ROYCE SCL VIA MANDANA BLVD
MACARTHUR FRUITVALE HIGH STREET,MACARTHUR FRUITVALE HIGH STREET
OAKLAND_AIRPORT_VIA_PARK_STREET,OAKLAND AIRPORT VIA PARK STREET
RICHMOND BART VIA MACDONALD AVE,RICHMOND BART VIA MACDONALD AVE
RICHMOND PKWY TC VIA ATLAS ROAD,RICHMOND PKWY TC VIA ATLAS ROAD
U.C. VILLAGE 10TH & MONROE ONLY,U.C. VILLAGE 10TH & MONROE ONLY
"BAY_FAIR_BART,via,Hesperian_Blvd",BAY FAIR BART VIA HESPERIAN BLVD
BERKELEY BART  ARLINGTON BLVD    ,DOWNTOWN BERKELEY ARLINGTON BLVD
FREMONT BART VIA SILLIMAN CENTER,FREMONT BART VIA SILLIMAN CENTER
"Head_Royce_School,Bentley_School",HEAD ROYCE SCHOOL BENTLEY SCHOOL
NEWPARK MALL VIA PACIFIC COMMONS,NEWPARK MALL VIA PACIFIC COMMONS
POINT RICHMOND VIA MACDONALD AVE,POINT RICHMOND VIA MACDONALD AVE
ROCKRIDGE_BART_VIA_CLAREMONT_AVE,ROCKRIDGE BART VIA CLAREMONT AVE
SOUTH HAYWARD BART TENNYSON ROAD,SOUTH HAYWARD BART TENNYSON ROAD
"Downtown_Berkeley_BART,via,College_Ave",DOWNTOWN BERKELEY VIA COLLEGE AVE
E C DEL NORTE BART ARLINGTON BLVD,E C DEL NORTE BART ARLINGTON BLVD
HAYWARD HIGHLANDS VIA EAST AVENUE,HAYWARD HIGHLANDS VIA EAST AVENUE
SAN LEANDRO BART EAST 14TH STREET,SAN LEANDRO BART EAST 14TH STREET
SEMINARY_AVE_VIA_FOOTHILL_BLVD,TO SEMINARY AVE VIA FOOTHILL BLVD
DOWNTOWN_OAKLAND_VIA_FOOTHILL_BLVD,DOWNTOWN OAKLAND VIA FOOTHILL BLVD
"DOWNTOWN OAKLAND,via,San_Pablo_Ave",DOWNTOWN OAKLAND VIA SAN PABLO AVE
FOOTHILL_SQUARE_VIA_MACARTHUR_BLVD,FOOTHILL SQUARE VIA MACARTHUR BLVD
FRUITVALE BART VIA BUENA VISTA AVE,FRUITVALE BART VIA BUENA VISTA AVE
HILLSDALE CALTRAIN VIA FOSTER CITY,HILLSDALE CALTRAIN VIA FOSTER CITY
"SAN FRANCISCO VIA ALAMEDA,TRANSBAY",SAN FRANCISCVIA ALAMEDA [TRANSBAY]
ALA SOUTH SHORE CTR VIA PARK STREET,ALA SOUTH SHORE CTR VIA PARK STREET
DOWNTOWN OAKLAND INTERNATIONAL BLVD,DOWNTOWN OAKLAND INTERNATIONAL BLVD
"DOWNTOWN OAKLAND,via,MacArthur_Blvd",DOWNTOWN OAKLAND VIA MACARTHUR BLVD
E C DEL NORTE BART VIA CUTTING BLVD,E C DEL NORTE BART VIA CUTTING BLVD
EL_CERRITO_PLAZA_BART_VIA_PIERCE_ST,EL CERRITO PLAZA BART VIA PIERCE ST
HILLTOP P & R VIA RICHMOND PKWY T C,HILLTOP P & R VIA RICHMOND PKWY T C
NEWARK TO STEVENSON BL VIA CEDAR ST,NEWARK TO STEVENSON BL VIA CEDAR ST
SAN LEANDRO BART INTERNATIONAL BLVD,SAN LEANDRO BART INTERNATIONAL BLVD
UNION CITY BART VIA SILLIMAN CENTER,UNION CITY BART VIA SILLIMAN CENTER
DOWNTOWN OAKLAND VIA BUENA VISTA AVE,DOWNTOWN OAKLAND VIA BUENA VISTA AVE
"OAKLAND_AIRPORT,Hegenberger_Rd",OAKLAND AIRPORT VIA HEGENBERGER ROAD
TO MISSION BLVD VIA PASEO PADRE PKWY,TO MISSION BLVD VIA PASEO PADRE PKWY
BERKELEY AMTRAK VIA UNIVERSITY AVENUE,BERKELEY AMTRAK VIA UNIVERSITY AVENUE
FOOTHILL SQUARE  VIA 85TH AVE  90TH AVE  ,FOOTHILL SQUARE VIA 85TH AVE 90TH AVE
EASTMONT_TRANSIT_CTR_VIA_FOOTHILL_BLVD,EASTMONT TRANSIT CTR VIA FOOTHILL BLVD
OAKLAND HIGH SCHOOL VIA MACARTHUR BLVD,OAKLAND HIGH SCHOOL VIA MACARTHUR BLVD
PIEDMONTTO_ESTATES_DR_VIA_OAKLAND_AVE,PIEDMONT TO ESTATES DR VIA OAKLAND AVE
PUBLIC_MARKET_EMERYVILLEVIA_HOLLIS_ST,PUBLIC MARKET EMERYVILLE VIA HOLLIS ST
"SAN FRANCISCO VIA ARLINGTON,TRANSBAY",SAN FRANCISCO VIA ARLINGTON [TRANSBAY]
WESTLAKE_MIDDLE_SCHOOL_VIA_OAKLAND_AVE,WESTLAKE MIDDLE SCHOOL VIA OAKLAND AVE
COLISEUM BART VIA 98TH AVE EDGEWATER DR,COLISEUM BART VIA 98TH AVE EDGEWATER DR
INTERNATIONAL ALL-NIGHTER BAY FAIR BART,INTERNATIONAL ALL-NIGHTER BAY FAIR BART
MONTERA_MDL_SCL_VIA_82ND_AND_KELLER_AVE,MONTERA MDL SCL VIA 82ND AVE KELLER AVE
EMERYVILLE VIA 40TH STREET SHELLMOUND ST,EMERYVILLE VIA 40TH STREET SHELLMOUND ST
PIEDMONT TO HIGHLAND WAY VIA OAKLAND AVENUE,PIEDMONT TO HIGHLAND WAY VIA OAKLAND AVE
SKYLINE & BALMORAL VIA JOAQUIN MILLER RD,SKYLINE & BALMORAL VIA JOAQUIN MILLER RD
DIMOND DISTRICT VIA ALAMEDA FRUITVALE AVE,DIMOND DISTRICT VIA ALAMEDA FRUITVALE AVE
"Eastmont_Transit_Center,via,Foothill_blvd",EASTMONT TRANSIT CENTER VIA FOOTHILL BLVD
"MACARTHUR HIGH STREET EASTMONT,TRANSBAY",MACARTHUR HIGH STREET EASTMONT [TRANSBAY]
MISSION_BLVD_ALL-NIGHTER_SAN_LEANDRO_BART,MISSION BLVD ALL-NIGHTER SAN LEANDRO BART
FREMONT BART FREMONT BLVD MISSION SAN JOSE,FREMONT BART MISSION BLVD MISSION SAN JOSE
INTERNATIONAL ALL-NIGHTER DOWNTOWN OAKLAND,INTERNATIONAL ALL-NIGHTER DOWNTOWN OAKLAND
ROCKRIDGE_BART_VIA_BROADWAY_COLLEGE_AVE,ROCKRIDGE BART VIA BROADWAY COLLEGE AVENUE
SOUTH HAYWARD BART VIA HAYWARD BART GADING,SOUTH HAYWARD BART VIA HAYWARD BART GADING
FREMONT BART VIA OSGOOD ROAD NORTHPORT LOOP,FREMONT BART VIA OSGOOD ROAD NORTHPORT LOOP
NORTHWESTERN POLYTECHNIC VIA NORTHPORT LOOP,NORTHWESTERN POLYTECHNIC VIA NORTHPORT LOOP
BAY FAIR BART VIA FOOTHILL BLVD BANCROFT AVE,BAY FAIR BART VIA FOOTHILL BLVD BANCROFT AVE
BROADWAY_SHUTTLE_TO_GRAND_AVE_FREE_SHUTTLE,BROADWAY SHUTTLE TO GRAND AVE [FREE SHUTTLE]
LANDING_PKWY_INDUSTRIAL_AREA_VIA_OSGOOD_ROAD,LANDING PKWY INDUSTRIAL AREA VIA OSGOOD ROAD
RICHMOND_BART_ALL-NIGHTER_VIA_DWNTWN_OAKLAND,RICHMOND BART ALL-NIGHTER VIA DWNTWN OAKLAND
SAN FRANCISCO - 24TH ST VIA DOWNTOWN OAKLAND,SAN FRANCISCO - 24TH ST VIA DOWNTOWN OAKLAND
SAN LEANDRO BART VIA HAYWARD BART WASHINGTON,SAN LEANDRO BART VIA HAYWARD BART WASHINGTON
WESTBRAE - BERKELEY VIA HOPKINS ST GILMAN ST,WESTBRAE - BERKELEY VIA HOPKINS ST GILMAN ST
DIMOND DISTRICT VIA PARK STREET FRUITVALE AVE,DIMOND DISTRICT VIA PARK STREET FRUITVALE AVE
FREMONT BART VIA PACIFIC COMMONS FREMONT BLVD,FREMONT BART VIA PACIFIC COMMONS FREMONT BLVD
FREMONT BART VIA UNION CITY BART MISSION BLVD,FREMONT BART VIA UNION CITY BART MISSION BLVD
GREAT MALL T.C. MISSION BLVD VIA MISSION S.J.,GREAT MALL T.C. MISSION BLVD VIA MISSION S.J.
HILLTOP MALL VIA C C COLLEGE BIRMINGHAM DRIVE,HILLTOP MALL VIA C C COLLEGE BIRMINGHAM DRIVE
JACK LONDON SQ VIA SAN PABLO AVE DWTN OAKLAND,JACK LONDON SQ VIA SAN PABLO AVE DWTN OAKLAND
40TH_AND_BROADWAY_VIA_MONTCLAIR_BROADWAY_TERR.,40TH AND BROADWAY VIA MONTCLAIR BROADWAY TERR.
BROADWAY_SHUTTLE_TO_27TH_STREET_FREE_SHUTTLE,BROADWAY SHUTTLE TO 27TH STREET [FREE SHUTTLE]
"SAN FRANCISCO,Market_St,via,DOWNTOWN_OAKLAND",SAN FRANCISCO - MARKET ST VIA DOWNTOWN OAKLAND
"SAN FRANCISCO MACARTHUR HIGH STREET,TRANSBAY",SAN FRANCISCO MACARTHUR HIGH STREET [TRANSBAY]
BERKELEY_BART_VIA_ASHBY_AVE_VIA_COLLEGE_AVE,DOWNTOWN BERKELEY VIA ASHBY AVE VIA COLLEGE AVE
MILPITAS_BART_MISSION_BLVD_VIA_MISSION_SAN_JOSE,MILPITAS BART MISSION BLVD VIA MISSION SAN JOSE
CONTRA COSTA COLLEGE VIA SAN PABLO AVE RAPID BUS,CONTRA COSTA COLLEGE VIA SAN PABLO AVE RAPID BUS
BROADWAY_SHUTTLE_TO_JACK_LONDON_SQ_FREE_SHUTTLE,BROADWAY SHUTTLE TO JACK LONDON SQ [FREE SHUTTLE]
EASTMONT TRANSIT CENTER VIA EDGEWATER DR 98TH AVE,EASTMONT TRANSIT CENTER VIA EDGEWATER DR 98TH AVE
EASTMONT TRANSIT CTR MACARTHUR BLVD LIMITED STOPS,EASTMONT TRANSIT CTR MACARTHUR BLVD LIMITED STOPS
JACK LONDON SQ VIA SAN PABLO AVE DOWNTOWN OAKLAND,JACK LONDON SQ VIA SAN PABLO AVE DOWNTOWN OAKLAND
OAKLAND AIRPORT VIA PARK STREET VIA FERRY TERMINAL,OAKLAND AIRPORT VIA PARK STREET VIA FERRY TERMINAL
REDWOOD_RD_&_OHDS_HEAD_ROYCE_SCHOOL_BENTLEY_SCHOOL,REDWOOD RD & OHDS HEAD ROYCE SCHOOL BENTLEY SCHOOL
"SAN FRANCISCO CASTRO VALLEY SAN LEANDRO,TRANSBAY",SAN FRANCISCO CASTRO VALLEY SAN LEANDRO [TRANSBAY]
EASTMONT TRANST CTR VIA SEMINARY AVE HILLMONT DRIVE,EASTMONT TRANST CTR VIA SEMINARY AVE HILLMONT DRIVE
"SAN FRANCISCO,EARLY_BIRD_EXPRESS,FRUITVALE BART",SAN FRANCISCO EARLY BIRD EXPRESS VIA FRUITVALE BART
LAKE MERRITT BART VIA MARKET STREET DOWNTOWN OAKLAND,LAKE MERRITT BART VIA MARKET STREET DOWNTOWN OAKLAND
CLOCKWISE  HAYWARD BART  MEEKLAND S.L.  VILLAGE MISSION,"CLOCKWISE HAYWARD BART MEEKLAND, S.L. VILLAGE MISSION"
FRUITVALE BART  VIA ALAMEDA  SANTA CLARA AVE  HIGH STREET,FRUITVALE BART VIA ALAMEDA SANTA CLARA AVE HIGH STREET
"DIMOND DISTRICT VIA FERRY TERMINAL ALAMEDA,Fruitvale_Ave",DIMOND DISTRICT VIA FERRY TERMINAL ALAMEDA FRUITVALE AVE
"NORTH BERKELEY VIA UNIVERSITY AVE SHATTUCK AVE,Solano_Ave",NORTH BERKELEY VIA UNIVERSITY AVE SHATTUCK AVE SOLANO AVE
"TO DIXON LANDING VIA PASEO PADRE WARM SPRINGS BL,N_Milpitas_Blvd",TO DIXON LANDING VIA PASEO PADRE WARM SPRINGS BL N MILPITAS BL
CLOCKWISE  SAN LEANDRO BART  DUTTON FOOTHILL  BAY FAIR LEWELLING,"CLOCKWISE SAN LEANDRO BART DUTTON, FOOTHILL BAY FAIR, LEWELLING"
SAN_PABLO_JACK_LONDON_SQ_DWNTWN_OAKLAND_RAPID_BUS,JACK LONDON SQUARE VIA SAN PABLO AVE DOWNTOWN OAKLAND RAPID BUS
CLOCKWISE  SAN LEANDRO BART  BANCROFT BAY FAIR  S.L. MARINA DAVIS,"CLOCKWISE SAN LEANDRO BART BANCROFT, BAY FAIR S.L. MARINA, DAVIS"
OAKLAND AMTRAK VIA GRAND AVE DOWNTOWN OAKLAND,OAKLAND AMTRAK VIA GRAND AVE DOWNTOWN OAKLAND JACK LONDON SQUARE
COUNTERCLOCKWISE SAN LEANDRO BART LEWELL BAY FAIR,"COUNTERCLOCKWISE SAN LEANDRO BART LEWELL., BAY FAIR FOOTHILL, DUTTON"
COUNTERCLOCKWISESAN_LEANDRO_BARTDAVIS_AT_S.L._MARINA,"COUNTERCLOCKWISE SAN LEANDRO BART DAVIS, S.L. MARINA BAY FAIR, BANCROFT"
WEST OAKLAND BART,WEST OAKLAND BART
CALEDCOTT LANE  VIA CLAREMONT AVE  TUNNEL ROAD  ,CALDECOTT LANE VIA CLAREMONT AVE TUNNEL ROAD
RICHMOND SAN PABLO EL PORTAL,RICHMOND SAN PABLO EL PORTAL
"SAN FRANCISCO VIA ALAMEDA,TRANSBAY",SAN FRANCISCO VIA ALAMEDA [TRANSBAY]
MARINA BAY  VIA 23RD STREET    ,MARINA BAY FERRY VIA 23RD STREET
"Grimmer_Blvd,via,Mission Blvd",TO GRIMMER BLVD VIA MISSION BLVD
HOPKINS JR HIGH MISSION BLVD MISSION SAN JOSE,HOPKINS JR HIGH MISSION SAN JOSE VIA MISSION BLVD
"""MONTERA_MIDDLE_SCHOOL_VIA_MACARTHUR_BLVD,_LINCOLN_AVE"",Lincoln_Ave",MONTERA MDL SCL VIA MACARTHUR BL LINCOLN AVE
"""MONTERA_MIDDLE_SCHOOL,_BROADWAY_TERACE,_MONTCLAIR""",MONTERA MIDDLE SCL BROADWAY TERACE MONTCLAIR
"MacDonald_Ave,+,21st_St,via,Carlson_Blvd,Cutting_Blvd",MACDONALD & 21ST VIA CARLSON BLVD CUTTING BLVD
"EL_CERRITO_HIGH_SCHOOL,KOREMATSU_MIDDLE_SCHOOL,via,Arlington_Blvd",EL CERRITO HIGH KOREMATSU MDL SCL VIA ARLINGTON BLVD
"Head_Royce_School,REDWOOD RD & OHDS HEAD-ROYCE SCL",HEAD ROYCE SCHOOL REDWOOD RD & OHDS
McMillan St.,McMillan St.
Patterson_Cir,Patterson Circle
Bishop_ODowd_High_School,"Bishop ODowd High School"
810,810
Sunshine_Biscuits_Factory,Sunshine Biscuits
